dia	mes	agno	personaje	texto
1	1	2021	1	1 de gener de 1914. Va néixer Manuela Garín Pinillos, una de les pioneres de les matemàtiques mexicanes. Els seus models matemàtics van ajudar a explicar el camp magnètic de la Terra.
2	1	2021	2	2 de gener de 1839. Louis Daguerre va intentar fer la primera foto de l'espai. Per fer-la va utilitzar un daguerreotip i un telescopi, però no va tenir èxit (la foto va sortir borrosa).
3	1	2021	3	3 de gener de 1871. Henry Bradley va patentar la primera margarina. La seva recepta estava feta principalment amb oli de cotó i greix animal.
4	1	2021	4	4 de gener de 1963. Va néixer la neurocientífica May-Britt Moser. Va rebre un Premi Nobel per la seva investigació sobre les cèl·lules de xarxa situades al cervell.
5	1	2021	5	5 de gener de 1895. Va néixer la microbiòloga Rebecca Craighill Lancefield. Va inventar un nou mètode per classificar els bacteris del grup Streptococcus.
6	1	2021	6	6 de gener de 1838. Samuel Morse i Alfred Vail van utilitzar el telègraf en públic per primera vegada. Aquest invent es va convertir en un dels sistemes de comunicació més populars durant dècades.
7	1	2021	7	7 de gener de 1992. L'empresa AT&T va presentar el videòfon. Va ser el primer telèfon amb pantalla de vídeo.
8	1	2021	8	8 de gener de 1988. La Base Antàrtica Espanyola Juan Carlos I va quedar inaugurada. Aquesta base científica és gestionada pel CSIC i es localitza a l'illa Livingston de l'Antàrtida.
9	1	2021	9	9 de gener de 1923. L'inventor Juan de la Cierva va utilitzar amb èxit l'autogir. Aquesta aeronau és una barreja d'avió i helicòpter.
10	1	2021	10	10 de gener de 1860. El metro de Londres va quedar inaugurat. Aquest metro és el sistema de transport públic sota terra més antic del món.
11	1	2021	11	11 de gener de 1907. Va néixer la immunòloga Mary Shaw Shorb. Mary va desenvolupar una tècnica per analitzar la vitamina B12. Amb això va contribuir a combatre l'anèmia perniciosa.
12	1	2021	12	12 de gener de 1925. Neix el veterinari Miguel Cordero del Campillo. Va ser una autoritat mundial en el camp de la parasitologia. Va tenir un paper clau en el naixement de la Universitat de León.
13	1	2021	13	13 de gener de 1927. Va néixer el biòleg Sydney Brenner. Va rebre un Premi Nobel per les seves investigacions sobre la regulació genètica del desenvolupament i la mort cel·lular.
14	1	2021	14	14 de gener de 1973. Elvis Presley va realitzar el primer concert transmès per via satèl·lit. Es va fer des del Centre Internacional de Honolulu i es va poder veure a 40 països.
15	1	2021	15	15 de gener de 1826. Va néixer l'assistent científica Marie Pasteur. Va treballar com a assistent i col·laboradora de Louis Pasteur, amb qui estava casada. El seu suport va ser essencial en els descobriments de l'investigador.
16	1	2021	16	16 de gener de 1932. Va néixer la zoòloga Dian Fossey. Va ser una observadora pacient del comportament dels goril·les i va fundar el Centre d'Investigació de Karisoke (Rwanda). Aquest centre és la major esperança per a la conservació dels goril·les de muntanya.
17	1	2021	17	17 de gener de 1897. Va néixer la física Caroline Emilie Bleeker. Els seus estudis més coneguts inclouen el disseny i la fabricació d'instruments òptics.
18	1	2021	18	18 de gener de 1969. Un equip d'astronomia de la Universitat d'Arizona va detectar els senyals òptics d'un púlsar per primera vegada.
19	1	2021	19	19 de gener de 1915. Georges Claude va patentar el primer tub de neó. Aquest invent es va popularitzar amb rapidesa gràcies al seu ús en cartells publicitaris.
20	1	2021	20	20 de gener de 1944. Es va fundar l'Estació de Biologia Experimental de Cogullada (coneguda actualment com a Estació experimental Aula Dei). L'objectiu d'aquest institut del CSIC és millorar la competitivitat i sostenibilitat del sector agrícola.
21	1	2021	21	21 de gener de 1865. Va néixer Sophia Jex-Blake, qui és coneguda com una de les Set d'Edimburg. Va dirigir la campanya per assegurar l'accés de les dones a l'educació universitària i després va estudiar Medicina.
22	1	2021	22	22 de gener de 1909. Va néixer el farmacèutic i biòleg Faustino Cordón. Les seves investigacions van estar centrades en el camp de l'evolució. El 1979 va crear la Fundació per a la Investigació sobre la Biologia Evolucionista.
23	1	2021	23	23 de gener de 1921. Va néixer l'arqueòloga Marija Gimbutas. Va proposar la hipòtesi dels Kurgan. Aquesta hipòtesi va combinar l'arqueologia i la lingüística per a situar la seu originària dels pobles que parlaven l'idioma protoindoeuropeu.
24	1	2021	24	24 de gener de 1809. Va néixer el naturalista Mariano de la Paz Graells. Va descriure noves espècies d'insectes, entre les quals destaca la magnífica papallona isabelina (Graellsia isabelae).
25	1	2021	25	25 de gener de 1235. Possible data de naixement de Ramon Llull. El seu escrit titulat L'arbre de la ciència és el primer tractat científic sobre naturalesa a Espanya.
26	1	2021	26	26 de gener de 1941. Va néixer la bioquímica Joan Elaine Argetsinger Steitz. Va guanyar fama internacional pels seus descobriments sobre l'ARN.
27	1	2021	27	27 de gener de 1876. L'enginyer elèctric Elisha Gray va sol·licitar la patent del telègraf musical. Va ser un dels primers instruments musicals elèctrics.
28	1	2021	28	28 de gener de 2013. La supercomputadora IBM Sequoia va batre un rècord de càlcul modelant un motor per un jet experimental. Per aconseguir-ho va comptar amb l'ajuda de més d'un milió de nuclis de processament.
29	1	2021	29	29 de gener de 1947. Va néixer la biòloga i metgessa Linda Brown Buck. Va guanyar un premi Nobel pel seu descobriment dels receptors de l'olfacte i l'organització del sistema olfactiu.
30	1	2021	30	30 de gener de 1975. L'escultor Ernő Rubik va sol·licitar la patent del cub màgic. Aquest invent es coneix actualment com el cub de Rubik.
31	1	2021	31	31 de gener de 1925. Va néixer Manuel Jalón. Va realitzar nombroses patents, incloent-hi instruments tan coneguts com el pal de fregar o la xeringa hipodèrmica d'un sol ús.
1	2	2021	32	1 de febrer de 1949. Va entrar en funcionament el telescopi Hale, el més gran del món en aquest moment (200 polzades).
2	2	2021	33	2 de febrer de 1939. Va néixer la biotecnòloga Mary-Dell Chilton. Va ser una de les fundadores de la biotecnologia moderna en plantes.
3	2	2021	34	3 de febrer de 1900. Va néixer Juana Álvarez-Prida y Vega. Va ser una de les primeres químiques espanyoles. El 1990 va rebre el primer Premi Dona Progressista en la Ciència.
4	2	2021	35	4 de febrer de 1896. Thaddeus Cahill va sol·licitar la patent del telharmonium, el primer instrument musical completament electrònic i polifònic. El primer prototip pesava 200 tones i tenia una longitud de 18 metres de llarg.
5	2	2021	36	5 de febrer de 1949. Va néixer la paleontòloga Nieves López Martínez. Va ser reconeguda internacionalment com a experta en l'evolució dels lagomorfs (conills, llebres i piques) i en els esdeveniments biòtics i ambientals relacionats amb l'extinció massiva del Cretaci-Terciari.
6	2	2021	37	6 de febrer de 2014. La NASA va publicar la primera imatge capturada pel Rover Curiosity: la imatge de la Terra i la Lluna en el cel de Mart.
7	2	2021	38	7 de febrer de 1824. Va néixer William Huggins. Va revolucionar l'astronomia aplicant mètodes per determinar la composició química de les estrelles.
8	2	2021	39	8 de febrer de 1825. Va néixer Henry Bates. Va descobrir que, per protegir-se dels depredadors, algunes papallones inofensives s'assemblen molt a altres espècies que són tòxiques (mimetisme batesià).
9	2	2021	40	9 de febrer de 1859. Va néixer el constructor d'orgues Robert Hope-Jones. Va desenvolupar un orgue de teatre per acompanyar les pel·lícules mudes. Basant-se en el seu mecanisme, va patentar el diàfan, que és la potent sirena que se situa al costat dels fars i pot guiar els vaixells a la boira.
10	2	2021	41	10 de febrer de 1996. Als Estats Units, la supercomputadora IBM Deep Blue va derrotar per primera vegada a Garry Kasparov, campió mundial d'escacs.
11	2	2021	42	11 de febrer de 1939. Lise Meitner va publicar el primer descobriment de fissió nuclear d'urani quan absorbeix un neutró addicional.
12	2	2021	43	12 de febrer de 1809. Va néixer Charles Darwin, el famós naturalista que va elaborar la teoria de l'evolució mitjançant la selecció natural.
13	2	2021	44	13 de febrer de 1946. Va néixer la matemàtica Pilar Bayer. El 1986 va fundar el Seminari de Teoria de Nombres de Barcelona, en el qual s'emmarca la seva activitat investigadora.
14	2	2021	45	14 de febrer de 2005. Un equip d'investigadors del CSIC va obtenir i va seqüenciar ADN d'un individu neandertal procedent del jaciment d'El Sidrón.
15	2	2021	46	15 de febrer de 2001. Es va publicar a Nature (i l'endemà a Science) la seqüenciació i l'anàlisi inicial del genoma humà.
16	2	2021	47	16 de febrer de 2005. Va entrar en vigor el Protocol de Kyoto, conveni mundial per reduir les emissions de gasos d'efecte hivernacle.
17	2	2021	48	17 de febrer de 1874. Va néixer la geòloga Ida Helen Ogilvie. Va descobrir propietats de la lava i els efectes de l'aridesa sobre l'erosió dels sòls.
18	2	2021	49	18 de febrer de 1913. El químic i Premi Nobel Frederick Soddy va introduir el terme isòtop.
19	2	2021	50	19 de febrer de 1878. Thomas A. Edison va patentar el fonògraf.
20	2	2021	51	20 de febrer de 2010. Investigadors de l'IGME van descobrir la primera mantis religiosa fòssil i una de les més antigues que es coneixen en el món. Es va trobar al jaciment d'ambre de San Just, a Utrillas (Teruel), que té una edat d'uns 105 milions d'anys (període Cretaci).
21	2	2021	52	21 de febrer de 1947. L'inventor Edwin Herbert Land va mostrar per primera vegada en públic una càmera instantània de fotos, la Polaroid Land Camera.
22	2	2021	53	22 de febrer de 1876. Es va fundar la Universitat Johns Hopkins. Va ser la primera universitat dedicada específicament a la investigació mèdica als Estats Units. La fundació va ser possible gràcies a l'herència de l'empresari Johns Hopkins.
23	2	2021	54	23 de febrer de 1879. Va néixer Agnes Arber, botànica especialitzada en l'estudi de plantes monocotiledònies.
24	2	2021	55	24 de febrer de 1938. L'empresa DuPont va començar la fabricació del primer producte de niló destinat a la venda: un raspall de dents. Fins llavors es fabricaven principalment amb pèl del coll dels porcs.
25	2	2021	56	25 de febrer de 1869. Va néixer el químic Phoebus Levene. Va descobrir la desoxiribosa, un dels components principals de l'ADN.
26	2	2021	57	26 de febrer de 1958. Va néixer Susan Helms, dona astronauta que va batre el rècord del passeig espacial més llarg (gairebé 9 h).
27	2	2021	58	27 de febrer de 1869. Va néixer la patòloga Alice Hamilton. Va investigar sobre malalties industrials i va ajudar a aconseguir condicions de treball més segures.
28	2	2021	59	28 de febrer de 1953. Francis Crick i James Watson van publicar el descobriment de l'estructura de l'ADN. Tots dos van rebre el Premi Nobel el 1962. La seva col·laboradora, Rosalind Franklin, va morir el 1958 sense rebre cap reconeixement.
1	3	2021	60	1 de març de 1893. L'Institut Nacional de Meteorologia va elaborar el primer mapa del temps d'Espanya.
2	3	2021	61	2 de març de 1922. Va néixer la programadora Frances Bilas Spence. Va ser una de les sis programadores originals de la primera computadora digital de propòsit general ENIAC.
3	3	2021	62	3 de març de 1886. Va néixer l'educadora i pedagoga Helen Parkhurst. Va crear el Pla Dalton. Aquest pla es basa en l'absència d'assignatures i l'ús de guies d'investigació en lloc de llibres de text. La classe es converteix en un laboratori on l'alumnat completa l'aprenentatge a què es compromet mitjançant un «contracte» amb el professorat.
4	3	2021	63	4 de març de 1877. Va néixer l'etnòleg Robert Fritz Graebner. Va desenvolupar la teoria de Kulturkreis o Cercle cultural. Aquesta teoria postulava la difusió de cultures primitives derivades d'un sol tipus arcaic.
5	3	2021	64	5 de març de 2013. El Projecte Human Connectome va publicar imatges molt detallades de cervells humans. Aquestes imatges van permetre estudiar la complexitat de les estructures cerebrals i identificar les causes dels trastorns neuronals.
6	3	2021	65	6 de març de 1937. Va néixer l'enginyera i cosmonauta Valentina Tereshkova. Va ser la primera dona que va viatjar a l'espai exterior, a bord de la nau Vostok 6.
7	3	2021	66	7 de març de 2009. Es va llançar l'observatori espacial Kepler. La seva missió era descobrir planetes similars a la Terra al voltant d'altres estrelles.
8	3	2021	67	8 de març de 1839. Va néixer Josephine Cochrane. Va ser la inventora de la primera màquina rentavaixelles que va tenir èxit.
9	3	2021	68	9 de març de 1961. L'Sputnik 9 va portar a la gossa Chernushka a l'espai. A bord hi anaven també un conill d'Índies, un ratolí i un maniquí de proves anomenat Ivan Ivanovich. El maniquí va sortir disparat durant la reentrada i va aterrar amb un paracaigudes. La resta van arribar il·lesos dins de la càpsula.
10	3	2021	69	10 de març de 1876. Alexander Graham Bell va fer la primera trucada telefònica amb èxit de la història.
11	3	2021	70	11 de març de 1926. Va néixer el metge i investigador Thomas Earl Starzl. El 1967, va dur a terme el primer trasplantament de fetge amb èxit (després de diversos intents fallits).
12	3	2021	71	12 de març de 2015. Un nou tractament de la malaltia d'Alzheimer va aconseguir eliminar les plaques d'amiloide en el 75% dels casos (en ratolins).
13	3	2021	72	13 de març de 1988. Es va inaugurar el túnel Seikan entre les ciutats d'Aomori i Hakodate (Japó). És el túnel submarí més llarg del món.
14	3	2021	73	14 de març de 1963. Va néixer l'astronauta, polític i enginyer aeronàutic Pedro Duque. És conegut principalment per haver estat el primer astronauta de nacionalitat espanyola.
15	3	2021	74	15 de març de 1985. Es va registrar el primer domini "punt com" a Internet: Symbolics.com.
16	3	2021	75	16 de març de 1799. Va néixer la botànica Anna Atkins. És reconeguda com la primera dona fotògrafa.
17	3	2021	76	17 de març de 1963. María Elisa Álvarez Obaya va realitzar les anàlisis que van destapar el cas del metílic. Des de la seva modesta farmàcia de Lanzarote, María Elisa va demostrar que una sèrie d'estranyes morts es devien al consum de licors adulterats amb metanol.
18	3	2021	77	18 de març de 1987. Es va anunciar el descobriment de la superconductivitat a alta temperatura. Va ser en un congrés científic a Nova York.
19	3	2021	78	19 de març de 2019. Un estudi internacional amb participació del CSIC va determinar que els oceans absorbeixen el 31% del CO2 produït per l'activitat humana.
20	3	2021	79	20 de març de 2021. Dia Mundial del Pardal. Aquesta iniciativa busca cridar l'atenció sobre la situació dels pardals. La seva població pateix un important declivi, especialment a les ciutats.
21	3	2021	80	21 de març de 1866. Va néixer l'astrònoma Antonia Maury. Va treballar al Harvard College Observatory i va publicar un important catàleg d'espectres estel·lars.
22	3	2021	81	22 de març de 1920. Va néixer la geoquímica Katsuko Saruhashi. Va realitzar els primers mesuraments dels nivells de diòxid de carboni (CO2) en l'aigua de mar. Va mostrar evidències dels perills de la pluja radioactiva al mar i l'atmosfera.
23	3	2021	82	23 de març de 2005. José Luis Carrascosa i el seu equip del Centre Nacional de Biotecnologia van descriure per primera vegada l'estructura del virus de la verola.
24	3	2021	83	24 de març de 1882. Robert Koch va anunciar el descobriment del bacteri responsable de la tuberculosi. Era el Mycobacterium tuberculosi (bacil de Koch).
25	3	2021	84	25 de març de 1914. Va néixer l'agrònom Norman Borlaug. Anomenat el Pare de la Revolució Verda, va rebre el Premi Nobel de la Pau pels seus esforços per introduir les llavors híbrides en la producció agrícola a Mèxic, Pakistan i l'Índia. Això va augmentar la productivitat agrícola i es van salvar milions de vides humanes.
26	3	2021	85	26 de març de 1953. L'investigador Jonas Salk va anunciar el descobriment de la vacuna contra la poliomielitis. Gràcies a la vacunació, aquesta malaltia infecciosa, coneguda com a paràlisi infantil, ha estat erradicada d'Europa, Amèrica, Oceania i Àfrica.
27	3	2021	86	27 de març de 1827. Charles Darwin, amb 18 anys, va presentar el seu primer descobriment científic. Tractava sobre la biologia de petits animals marins.
28	3	2021	87	28 de març de 2013. La Universitat de Stanford va fer públic el desenvolupament d'un transistor biològic realitzat a partir de molècules d'ADN i ARN.
29	3	2021	88	29 de març de 1942. Va néixer la biòloga Ann A. Kiessling. Al costat de Mehran Goulian, va descobrir l'activitat de la transcriptasa inversa en cèl·lules humanes. Anteriorment es pensava que aquest enzim es trobava només en els retrovirus.
30	3	2021	89	30 de març de 1900. Va néixer la bibliotecària, filòloga i lexicògrafa espanyola María Moliner. Va ser l'autora del Diccionari d'ús de l'espanyol.
31	3	2021	90	31 de març de 1596. Va néixer René Descartes, el famós filòsof i matemàtic francès. Va ser l'autor del concepte "Penso, per tant existeixo".
1	4	2021	91	1 de abril de 1940. Va néixer la biòloga i ecologista Wangari Muta Maathai. Va rebre el Premi Nobel de la Pau 2004 per les seves contribucions al desenvolupament sostenible i la democràcia. Va ser la primera africana que va obtenir aquest guardó.
2	4	2021	92	2 de abril de 1618. Va néixer el físic Francesco Grimaldi. Va descobrir la difracció de la llum.
3	4	2021	93	3 de abril de 1934. Va néixer la primatòloga Jane Goodall. És reconeguda mundialment pels seus estudis sobre les interaccions socials i familiars dels ximpanzés.
4	4	2021	94	4 de abril de 1868. Va néixer la matemàtica Philippa Garrett Fawcett. Va guanyar una beca a la Universitat de Cambridge gràcies al seu extraordinari èxit en el Mathematical Tripos (1890). Va investigar sobre dinàmica de fluids.
5	4	2021	95	5 de abril de 1952. Va néixer el químic Venki Ramakrishnan. Va rebre el Premi Nobel per l'estudi de l'estructura i la funció del ribosoma.
6	4	2021	96	6 de abril de 1846. Va néixer Antonio Machado i Álvarez o "Demófilo", pare dels poetes Antonio i Manuel Machado. Va ser un dels primers folkloristes que va estudiar científicament el flamenc.
7	4	2021	97	7 de abril de 1995. Inauguració de la Domus de A Coruña, el primer museu interactiu de caràcter científic que tracta l'ésser humà d'una manera global i monogràfica.
8	4	2021	98	8 de abril de 1911. Va néixer el químic Melvin Calvin. Va rebre el Premi Nobel de Química pels seus treballs sobre l'assimilació del CO2 per les plantes.
9	4	2021	99	9 de abril de 1860. L'inventor Eduard León Scott de Martinville va realitzar la primera gravació coneguda de la veu humana. Era una veu soprano que interpretava la cançó Au clair de la Lune.
10	4	2021	100	10 de abril de 2011. Un estudi de l'IGME, CIATF i les Universitats Complutense i de Lisboa va descobrir dipòsits de tsunamis a Tenerife. Els tsunamis van provocar onades de més de 50 metres d'altura i van estar associats a la destrucció de l'edifici volcànic de Las Cañadas, anterior a l'actual Teide.
11	4	2021	101	11 de abril de 2013. Es descobreix que escoltar sons durant el son, en intervals de temps controlats, pot millorar la memòria.
12	4	2021	102	12 de abril de 1961. Yuri Gagarin es va convertir en el primer ésser humà en viatjar a l'espai. Ho va fer a bord de la nau soviètica Vostok 1.
13	4	2021	103	13 de abril de 2014. L'expedició Subvent de l'IGME va descobrir grans bancs de musclos quimiosintètics al voltant de deus de metà al Golf de Cadis. També va descobrir nous volcans submarins a Lanzarote.
14	4	2021	104	14 de abril de 1977. Rosemary Hutton va publicar un article sobre com la conductivitat elèctrica de les roques pot usar-se per investigar la història geològica.
15	4	2021	105	15 de abril de 1452. Va néixer Leonardo da Vinci, pintor, escultor, inventor, enginyer i arquitecte del Renaixement.
16	4	2021	106	16 de abril de 1921. Isaac Carasso va sol·licitar la patent per a l'elaboració d'una llet quallada anomenada comunament iogurt. Va batejar a la seva empresa Danone, pel diminutiu del nom del seu fill Daniel (Danón).
17	4	2021	107	17 de abril de 1887. Va néixer Clodomiro Picado. Va ser pioner en la investigació sobre serps i els seus verins. També va ser un dels precursors del descobriment de la penicil·lina.
18	4	2021	108	18 de abril de 1917. Va néixer la psicòloga Mamie Phipps Clark. Va treballar en la comprensió del desenvolupament de la consciència social en nens preescolars.
19	4	2021	109	19 de abril de 1946. Va néixer la química María Vallet Regí. És experta en el camp dels biomaterials amb aplicacions en traumatologia, odontologia o enginyeria tissular.
20	4	2021	110	20 de abril de 2017. Bryan Keith Holland va dipositar la seva tesi doctoral sobre els microARN de l'VIH. És més conegut pel seu sobrenom Dexter i per ser el cantant i guitarrista de la banda punk rock The Offsprings.
21	4	2021	111	21 de abril de 1838. Va néixer el conservacionista John Muir. Va defensar l'establiment dels parcs nacionals Sequonia i Yosemite.
22	4	2021	112	22 de abril de 1999. Obertura de la Casa de las Ciencias de Logroño. Aquest centre està dedicat a la divulgació de la cultura de la ciència i la tecnologia, a través d'exposicions, conferències, cursos, projeccions i demostracions científiques.
23	4	2021	113	23 de abril de 1933. Va néixer la informàtica Annie J. Easley. Va treballar en el Lewis Research Center de la NASA. Va formar part de l'equip que va desenvolupar el software del coet Centauro.
24	4	2021	114	24 de abril de 2013. IBM va desenvolupar un robot que combina telepresència i tecnologies de realitat augmentada per ajudar en projectes d'enginyeria en àrees remotes.
25	4	2021	115	25 de abril de 1945. Va néixer l'embriòloga Jean Marian Purdy. Va ser una de les responsables del desenvolupament de la fecundació in vitro.
26	4	2021	116	26 de abril de 1927. Va néixer la biòloga Anne McLaren. Va ser pionera en l'estudi de la biologia del desenvolupament. El seu treball va ajudar a desenvolupar la tècnica de fertilització in vitro.
27	4	2021	117	27 de abril de 1993. El trombonista John Kenny va ser el primer que va fer sonar un carnyx des de l'època celta. Per a això, va utilitzar una reconstrucció del carnyx de Deskford realitzada pel musicòleg John Purser i l'orfebre ohn Creed. L'instrument original i la reconstrucció es mostren al Museu Nacional d'Escòcia.
28	4	2021	118	28 de abril de 1932. Es va descobrir la vacuna contra la febre groga.
29	4	2021	119	29 de abril de 1894. Va néixer la física Marietta Blau. Va ser pionera en el registre i la identificació de partícules atòmiques mitjançant plaques d'emulsions fotogràfiques. El seu treball va contribuir a entendre millor les reaccions nuclears.
30	4	2021	120	30 de abril de 2010. Investigadors de l'IGME localitzen en mapes de segle XVIII i XIX un aiguamoll que havia desaparegut del registre històric.
1	5	2021	121	1 de maig de 2013. Va arrencar el projecte EMTASY per determinar el mecanisme que posiciona el cor a l'esquerra. Va ser dirigit per Ángela Nieto Toledano i va ajudar a entendre moltes malformacions congènites.
2	5	2021	122	2 de maig de 1997. L'equip científic d'Atapuerca va obtenir el premi Príncep d'Astúries d'Investigació Científica i Tècnica pel descobriment de l'Homo antecessor. Aquest homínid va viure a Europa fa 800.000 anys.
3	5	2021	123	3 de maig de 1910. Va néixer l'arqueòloga Anne Strachan Robertson. És coneguda pels seus estudis del mur d'Antonino i les monedes imperials romanes.
4	5	2021	124	4 de maig de 1825. Va néixer el biòleg Thomas Huxley. Va ser el primer que va suggerir que les aus van evolucionar a partir dels dinosaures.
5	5	2021	125	5 de maig de 1882. Va néixer el metge i científic espanyol Pío del Río Ortega. Va descobrir la micròglia, un tipus de cèl·lula del sistema nerviós.
6	5	2021	126	6 de maig de 1840. Va sortir a la venda el primer segell adhesiu. Tenia el perfil de la reina Victoria del Regne Unit i era conegut com el "penny black".
7	5	2021	127	7 de maig de 1954. Va començar la construcció del Pont Mackinac a Michigan. Va ser el pont penjant més llarg del món en el seu moment.
8	5	2021	128	8 de maig de 1980. L'OMS va certificar l'erradicació de la verola. Aquesta fita es va aconseguir gràcies a la vacunació.
9	5	2021	129	9 de maig de 1882. William H. Ford va patentar el disseny d'un estetoscopi amb la forma que encara s'usa en l'actualitat.
10	5	2021	130	10 de maig de 1888. Va néixer l'hematòloga Lucy Wills. Va descobrir un factor nutricional en el llevat que prevé i cura l'anèmia macrocítica en l'embaràs. Es coneix com el factor de Wills o folat, la forma natural de l'àcid fòlic.
11	5	2021	131	11 de maig de 2001. Va tenir lloc un terratrèmol a Lorca (Murcia) amb una magnitud de 5,2 Mw. Va causar un gran impacte, amb 9 víctimes mortals i quantiosos danys materials.
12	5	2021	132	12 de maig de 1910. Va néixer la Premi Nobel Dorothy Crowfoot Hodgkin. Va determinar l'estructura 3D de molècules com la penicil·lina o la insulina. L'estructura 3D és clau per entendre les funcions.
13	5	2021	133	13 de maig de 1857. Va néixer el bacteriòleg Ronald Ross. Va descobrir que la malària es transmet pel mosquit Anopheles.
14	5	2021	134	14 de maig de 1899. Va néixer la biòloga Charlotte Auerbach. Es va especialitzar en zoologia i genètica, i va contribuir a descobrir la mutagènesi i els seus efectes. Es va fer cèlebre el 1942 quan va posar de manifest, juntament amb Alfred Joseph Clark i J. M. Robson, que el gas mostassa podia causar mutacions.
15	5	2021	135	15 de maig de 1925. Va néixer la genetista Mary Frances Lyon. Va descobrir la lionització del cromosoma X, un fenomen mitjançant el qual s'inactiva una de les dues còpies del cromosoma X en les cèl·lules de les femelles mamíferes.
16	5	2021	136	16 de maig de 1919. Va néixer l'oceanògraf i ecòleg Ramon Margalef. Va introduir la Teoria de la Informació en Ecologia i l'índex de Shannon-Weaver com a mesura de diversitat.
17	5	2021	137	17 de maig de 1749. Va néixer l'immunòleg Edward Jenner. Va aconseguir la primera vacuna de la història, concretament contra la verola.
18	5	2021	138	18 de maig de 2012. Es va celebrar el primer Dia Internacional de la Fascinació per les Plantes. El seu objectiu és reconèixer la importància de les plantes en la nostra vida, gràcies a la producció d'aliments per a persones i animals, paper, fusta, energia i productes farmacèutics.
19	5	2021	139	19 de maig de 2014. La NASA va començar la construcció del robot espacial InSight, que va aterrar a Mart el 2018.
20	5	2021	140	20 de maig de 1900. Va néixer la química i física Erika Cremer. Va ser pionera en cromatografia de gasos. No obstant això, el seu article de 1944 sobre el seu mètode no es va arribar a publicar perquè un bombardeig va destruir les proves d'impremta a la revista Naturwissenschaften.
21	5	2021	141	21 de maig de 1921. Va néixer el físic Andréi Sájarov. Va participar en el desenvolupament de bombes atòmiques en els anys 50. Posteriorment, va lluitar contra la proliferació d'armes nuclears i va ser guardonat amb el Premi Nobel de la Pau el 1975.
22	5	2021	142	22 de maig de 1960. Va tenir lloc el Gran Terratrèmol de Xile. És el terratrèmol de major magnitud que hagi estat registrat (9,5 en potència de magnitud de moment). Va provocar sismes submarins que van arribar a Hawaii, Japó i Rússia, i l'erupció del volcà Puyehue.
23	5	2021	143	23 de maig de 1954. Va néixer el biòleg Keith Campbell. Va ser una persona clau de l'equip que va clonar l'ovella Dolly a l'Institut Roslin d'Edimburg.
24	5	2021	144	24 de maig de 1878. Va néixer la psicòloga i enginyera Lillian Moller Gilbreth. És coneguda pel seu treball en l'aplicació de l'organització psicològica en la indústria.
25	5	2021	145	25 de maig de 1880. Va néixer el neuròleg Jean Alexandre Barré. Va identificar la síndrome de Guillain-Barré, una malaltia neurològica rara.
26	5	2021	146	26 de maig de 1872. Va néixer Trinidad Arroyo Villaverde. Va ser la primera oftalmòloga espanyola.
27	5	2021	147	27 de maig de 1931. Va néixer l'economista Philip Kotler. És considerat el pare del màrqueting modern.
28	5	2021	148	28 de maig de 1912. Va néixer l'astrònoma Ruby Violet Payne-Scott. Va estudiar la influència del camp magnètic de la Terra i les erupcions solars.
29	5	2021	149	29 de maig de 1826. Va néixer el sastre Ebenezer Butterick. Al costat de la seva dona, Ellen Augusta Pollard, van inventar i comercialitzar els patrons de costura moderns. Aquests patrons tenien graduacions amb múltiples talles estàndard.
30	5	2021	150	30 de maig de 2021. Dia Mundial de l'Esclerosi Múltiple. Se celebra cada any per compartir històries, conscienciar a la societat i fer campanyes amb i per a tots els afectats per aquesta malaltia.
31	5	2021	151	31 de maig de 1903. El físic Konstantin Tsiolkovsky va proposar per primera vegada que les persones podrien viatjar a l'espai usant coets.
1	6	2021	152	1 de juny de 1974. La revista Emergency Medicine va publicar la maniobra d'Heimlich. Aquesta operació permet desbloquejar les vies aèries obstruïdes per un objecte estrany.
2	6	2021	153	2 de juny de 1911. Els principals diaris es van fer ressò de l'electrificació del ferrocarril Gergal-Santa Fe de Mondújar. Va ser la primera línia de tren de via ampla electrificada d'Espanya.
3	6	2021	154	3 de juny de 1976. El cosmògraf Vicente Tofiño de San Miguel va observar el pas de Venus pel Sol durant un eclipsi. Va publicar unes anotacions de gran interès científic.
4	6	2021	155	4 de juny de 1927. Va tenir lloc el primer vol comercial de passatgers transatlàntic. El viatge es va produir a bord d'un Wright-Bellanca WB-2, des dels Estats Units fins a Alemanya.
5	6	2021	156	5 de juny de 2002. Es va presentar oficialment l'AMIT (Associació de Dones Investigadores i Tecnòlogues). Aquesta associació promou l'accés igualitari de les dones a l'activitat investigadora en totes les branques del coneixement i en el sector tecnològic.
6	6	2021	157	6 de juny de 1907. Es va llançar Persil al mercat. Va ser el primer detergent de roba d'acció automàtica.
7	6	2021	158	7 de juny de 1886. Va néixer l'enginyer Henri Coandă. Va ser pioner de l'aviació i va construir el primer avió accionat per un motor a reacció.
8	6	2021	159	8 de juny de 2021. Dia Mundial dels Oceans. El seu objectiu és recordar-nos el paper que tenen els oceans en la vida quotidiana. Aquests són els pulmons del nostre planeta i produeixen la major part de l'oxigen que respirem.
9	6	2021	160	9 de juny de 1812. Va néixer l'astrònom Johann Gottfried Galle. Va descobrir Neptú seguint els càlculs i les indicacions d'Urbain Le Verrier.
10	6	2021	161	10 de juny de 1948. Es va efectuar la primera demostració de la televisió a Espanya. Va ser durant la Fira Internacional de Mostres de Barcelona.
11	6	2021	162	11 de juny de 1910. Va néixer l'oceanògraf i explorador Jacques-Yves Cousteau. És un dels divulgadors del món submarí més cèlebres. Ha gravat nombroses pel·lícules i documentals a bord del seu vaixell Calypso. També va ser una de les primeres persones que va defensar el medi marí front a la contaminació.
12	6	2021	163	12 de juny de 1985. Va néixer l'enginyer de software Blake Ross. És conegut per treballar en la creació dels navegadors Mozilla.
13	6	2021	164	13 de juny de 1868. Va néixer el físic Wallace Clement Sabine. Va ser el fundador de l'acústica arquitectònica i el consultor acústic del Boston's Symphony Hall. Aquesta sala de concerts es considera una de les millors del món per la seva excel·lent acústica.
14	6	2021	165	14 de juny de 1880. Va néixer el neurocientífic Nicolás Achúcarro. Va ser un dels deixebles de Ramón y Cajal i es va especialitzar en l'estudi de les cèl·lules glials.
15	6	2021	166	15 de juny de 1962. Es va descobrir que la talidomida causava deformacions en el desenvolupament fetal. Aquest sedant s'utilitzava per calmar les nàusees durant els primers mesos d'embaràs.
16	6	2021	167	16 de juny de 1963. La cosmonauta Valentina Tereshkova va ser la primera dona que va viatjar a l'espai.
17	6	2021	168	17 de juny de 2017. L'astronauta Sunita Williams es va convertir en la dona que més temps seguit havia estat a l'espai (a l'Estació Espacial Internacional), ja que va completar 188 dies i 4 hores fora de la Terra.
18	6	2021	169	18 de juny de 1466. Va néixer l'impressor Ottaviano Petrucci. Va inventar el sistema d'impressió de música per mitjà de tipus mòbils. Amb aquest sistema, el 1501 va imprimir la col·lecció de cançons Harmonice Musices Odhecaton. Aquesta va ser la primera edició de música impresa de la història.
19	6	2021	170	19 de juny de 1903. Va néixer la bioquímica Rebeca Gerschman. Va postular la teoria Gerschman sobre la toxicitat de l'oxigen mitjançant radicals lliures i va revolucionar l'ambient científic de l'època.
20	6	2021	171	20 de juny de 2019. La investigadora Margarita Salas va rebre el Premi a l'Inventor Europeu 2019. Entre les seves majors contribucions destaca la patent de l'ADN polimerasa viral, la més productiva del CSIC.
21	6	2021	172	21 de juny de 1997. Es va instaurar el Dia Internacional de l'Esclerosi Lateral Amiotròfica (ELA). Està impulsat per associacions de pacients de tot el món i té com a objectiu informar i sensibilitzar sobre aquesta malaltia encara incurable.
22	6	2021	173	22 de juny de 1939. Va néixer la cristal·lògrafa Ada Yonath. Va guanyar el Premi Nobel de química pels seus treballs pioners sobre l'estructura dels ribosomes.
23	6	2021	174	23 de juny de 1912. Va néixer el matemàtic, lògic i criptoanalista Alan Turing. Va ser pioner de la informàtica moderna.
24	6	2021	175	24 de juny de 1400. Va néixer Johannes Gutenberg. Va inventar la impremta amb tipus mòbils moderna.
25	6	2021	176	25 de juny de 1866. Va néixer Eloísa Díaz, la primera metgessa d'Amèrica del Sud. Com a directora del Servei Mèdic Escolar de Xile, Eloísa va aconseguir la vacunació de gran part de l'alumnat i va lluitar contra el raquitisme i la tuberculosi.
26	6	2021	177	26 de juny de 1974. El supermercat Marsh, a Ohio (Estats Units), va efectuar la primera lectura d'un codi de barres al món. Va ser un paquet de xiclets.
27	6	2021	178	27 de juny de 1915. Va néixer la física Traude Bernert. Al costat de la química Berta Karlik, van identificar els isòtops 215, 216 i 218 de l'àstat. També van descobrir que aquest element es produïa durant la descomposició del radi, el tori i l'actini.
28	6	2021	179	28 de juny de 2013. Es va inventar, al MIT, un dispositiu de visió de raigs X de mà que detecta el moviment a través de les parets.
29	6	2021	180	29 de juny de 1954. Stanley Cohen, Rita Levi-Montalcini i Viktor Hamburger van publicar el descobriment del primer factor de creixement nerviós. Els dos primers van rebre el Premi Nobel de Medicina o Fisiologia el 1986.
30	6	2021	181	30 de juny de 1905. Albert Einstein va publicar "Sobre l'electrodinàmica dels cossos en moviment". Seria l'inici de la teoria de la relativitat especial.
1	7	2021	182	1 de juliol de 1935. Va néixer la biòloga i oceanògrafa Josefina Castellví. Va ser la primera espanyola que va participar en una expedició internacional a l'Antàrtida. Va col·laborar en la instal·lació de la primera base antàrtica espanyola.
2	7	2021	183	2 de juliol de 1982. Richard Walters Lawrence va lligar 45 globus d'heli a una cadira de jardí i aquesta es va elevar a més de 4.500 m. Frustrat per no haver pogut ser pilot de les Forces Aèries dels EUA, va decidir volar pel seu compte d'aquesta manera tan especial.
3	7	2021	184	3 de juliol de 1865. Va néixer la professora Mary A. Kingsbury. Va estar a càrrec de la biblioteca de l'Institut Erasmus Hall i es va convertir en la primera bibliotecària escolar de la història.
4	7	2021	185	4 de juliol de 2019. Es va presentar PRISMA al Museu Nacional de Ciències Naturals de Madrid. PRISMA és l'Associació per a la Diversitat Afectiu-sexual i de Gènere en Ciència, Tecnologia i Innovació. El seu objectiu és augmentar la visibilitat del col·lectiu LGTBIQA+ en el món científic.
5	7	2021	186	5 de juliol de 1904. Va néixer el biòleg Ernst Walter Mayr. Va ser líder en el desenvolupament del neodarwinisme, que integra la teoria de l'evolució i els coneixements en el camp de la genètica.
6	7	2021	187	6 de juliol de 1885. Louis Pasteur va administrar la vacuna de la ràbia a Josef Meister, un nen de 9 anys a qui havia mossegat un gos rabiós. Va ser una actuació de risc perquè Pasteur no tenia la titulació de metge i la vacuna no estava encara aprovada. No obstant, gràcies a això, va salvar la vida de Josef.
7	7	2021	188	7 de juliol de 1924. Va néixer la neurocientífica i psicòloga Natalia Petrovna Bekhtereva. Va posar en marxa un mètode complex per estudiar els mecanismes cerebrals del pensament, la memòria, les emocions i la creativitat.
8	7	2021	189	8 de juliol de 1926. Va néixer la psiquiatra Elizabeth Kubler-Ross. És reconeguda com la principal autoritat en psicologia de la mort.
9	7	2021	190	9 de juliol de 2015. Un equip d'investigació de l'IGME, la Universitat Complutense i la de Barcelona va trobar una mosca de fa 105 milions d'anys en perfecte estat de conservació. La mosca s'havia conservat en ambre a la cova d'El Soplao (Cantàbria) i encara portava una càrrega de pol·len al seu abdomen.
10	7	2021	191	10 de juliol de 2020. El CSIC va desenvolupar nanosondes amb aplicacions en el diagnòstic i el tractament de malalties. Les nanosondes poden utilitzar-se per detectar els primers estadis d'una malaltia, per dirigir fàrmacs de forma focalitzada i com a transportadors d'ADN o de virus.
11	7	2021	192	11 de juliol de 1901. Va néixer la neurofisiòloga Angélique Arvanitaki. Al costat de Nick Chalazonitis va investigar l'activitat elèctrica de les neurones utilitzant les fibres nervioses del caragol comú.
12	7	2021	193	12 de juliol de 1764. Va tenir lloc el primer albirament d'una nebulosa. La va descobrir l'astrònom Charles Messier i li va posar el número 27 del seu catàleg (M27). També es coneix com a nebulosa Dumbbell.
13	7	2021	194	13 de juliol de 1923. Es va reconèixer per primera vegada l'existència d'ous de dinosaure fossilitzats. El descobriment va tenir lloc al desert del Gobi. Inicialment es creia que pertanyien a Protoceratops, però el 1995 es va determinar que pertanyen a Oviraptor.
14	7	2021	195	14 de juliol de 1862. Va néixer l'experta en cristal·lografia, mineralogia i petrografia Florence Bascom. Va ser la primera geòloga dels EUA.
15	7	2021	196	15 de juliol de 1799. Durant la campanya de Napoleó a Egipte, es va descobrir la pedra de Rosetta. Aquesta pedra està inscrita en grec, jeroglífic i demòtic, i és la clau que permet desxifrar els jeroglífics egipcis.
16	7	2021	197	16 de juliol de 2020. La missió Solar Orbiter, de l'Agència Espacial Europea (ESA) i la NASA, amb participació del CSIC, va obtenir el primer mapa magnètic del Sol. El camp magnètic solar és responsable dels fenòmens que observem al Sol, com les taques, les tempestes o el vent solar.
17	7	2021	198	17 de juliol de 1819. Va néixer la climatòloga i inventora Eunice Newton Foote. Va ser una pionera en la investigació de l'efecte hivernacle. Es va anticipar tres anys als experiments de John Tyndall, a qui es considerava descobridor de l'efecte del CO2 en l'atmosfera.
18	7	2021	199	18 de juliol de 1881. Va néixer la pedagoga i humanista María de Maeztu. Va ser directora d'importants institucions pedagògiques en l'ensenyament de dones (la Residència Internacional de Senyoretes, l'Institut-Escola i el Lyceum Club Femení). Va treballar perquè les seves alumnes tinguessin una formació intel·lectual que fomentés la responsabilitat civil i la participació igualitària i integral en la societat.
19	7	2021	200	19 de juliol de 1945. Va néixer la genetista Nancy Wexler. Va col·laborar en el descobriment de la localització del gen que causa la malaltia de Huntington.
20	7	2021	201	20 de juliol de 1969. El mòdul lunar d'Apollo 11, anomenat Eagle, va aterrar amb èxit a la Lluna.
21	7	2021	202	21 de juliol de 2013. Es va desenvolupar una pell electrònica sensible i flexible que imita la pell humana real. Aquesta pell pot detectar i respondre a diferents nivells de pressió.
22	7	2021	203	22 de juliol de 1871. Es va col·locar la primera pedra del pont ferroviari Tay (Escòcia). Va ser el pont més llarg del món en la seva època.
23	7	2021	204	23 de juliol de 2020. Un estudi amb participació del CSIC va revelar una reducció del 50% del soroll sísmic generat per l'activitat humana. Aquesta reducció es va produir a conseqüència de les mesures de confinament per la pandèmia del coronavirus.
24	7	2021	205	24 de juliol de 2009. Es va inaugurar el Gran Telescopio Canarias, a l'Observatori del Roque de los Muchachos. Es va convertir en el telescopi òptic més gran de món.
25	7	2021	206	25 de juliol de 1938. Va néixer la psicòloga Davida Teller. El seu treball va contribuir a la comprensió del desenvolupament visual infantil.
26	7	2021	207	26 de juliol de 2005. Es va celebrar el primer Dia Internacional per a la defensa de l'ecosistema manglar.
27	7	2021	208	27 de juliol de 1995. La professora Sheila Rowan va presentar la seva tesi doctoral sobre les ones gravitacionals.
28	7	2021	209	28 de juliol de 1635. Va néixer el científic anglès Robert Hooke. Va ser la primera persona que va descriure la vida microscòpica en el seu llibre Micrographia. Aquest llibre conté per primera vegada la paraula cèl·lula.
29	7	2021	210	29 de juliol de 1796. Va néixer l'inventor Walter Hunt. És conegut per haver creat l'imperdible.
30	7	2021	211	30 de juliol de 1889. Va néixer l'enginyer Vladimir Zworykin. Va inventar el tub de raigs catòdics i, per això, se'l coneix com el pare de la televisió.
31	7	2021	212	31 de juliol de 1923. Va néixer la química Stephanie Kwolek. Va sintetitzar per primera vegada el Kevlar, un polímer que s'usa en la fabricació de pneumàtics, espelmes nàutiques o armilles antibales per la lleugeresa i extraordinària resistència.
1	8	2021	213	1 de agost de 1920. Va néixer Henrietta Lacks. Als 31 anys va morir per un càncer de cèrvix i va ser donant involuntària de les seves cèl·lules canceroses. Amb elles es va desenvolupar una línia de cultiu cel·lular immortal anomenada HeLa, acrònim del seu nom, amb la qual s'han realitzat desenes de milers d'estudis científics.
2	8	2021	214	2 de agost de 1941. Va néixer el biòleg Jules Hoffmann. Va rebre el Premi Nobel pels seus estudis en el camp de la immunologia. Aquests treballs van revolucionar la comprensió del sistema immune mitjançant el descobriment de principis fonamentals per a la seva activació.
3	8	2021	215	3 de agost de 1958. El submarí atòmic Nautilus va passar sota l'escorça gelada de l'oceà Àrtic, des de l'oceà Pacífic fins a l'Atlàntic.
4	8	2021	216	4 de agost de 1932. Va néixer la informàtica Frances Elizabeth Allen. El 2006 es va convertir en la primera dona guanyadora del Premi Turing.
5	8	2021	217	5 de agost de 2013. Una companyia japonesa va desenvolupar una tireta reutilitzable per tractar la hipertensió arterial crònica mitjançant l'alliberament continu de bisoprolol.
6	8	2021	218	6 de agost de 1991. El científic de la computació Tim Berners-Lee va posar en línia el primer servidor web. Aquest servidor es trobava a l'Organització Europea per a la Recerca Nuclear (CERN).
7	8	2021	219	7 de agost de 1933. Va néixer la politòloga Elinor Ostrom. Va ser la primera dona que va obtenir el Premi Nobel d'Economia, el 2009. Va estudiar com les persones interactuen per mantenir a llarg termini els nivells de producció de recursos comuns.
8	8	2021	220	8 de agost de 1948. Va néixer l'enginyera i cosmonauta Svetlana Savítskaya. Va ser la primera dona que va fer dos viatges a l'espai exterior i que va caminar pel mateix.
9	8	2021	221	9 de agost de 1966. Va néixer l'investigador Glenn Postolski. Els seus treballs en el camp de les ciències socials es centren en les polítiques de mitjans massius i el dret a la comunicació.
10	8	2021	222	10 de agost de 2017. Un equip de l'IGME va obtenir la primera seqüència d'imatges acústiques de les plomes volcàniques que s'emeten durant l'erupció d'un volcà submarí. L'estudi es va realitzar prop de l'illa d'El Hierro.
11	8	2021	223	11 de agost de 1858. Va néixer el Premi Nobel Christiaan Eijkman. És conegut per ser el descobridor de la importància de les vitamines en la dieta. Va descobrir la vitamina B1.
12	8	2021	224	12 de agost de 1898. Va néixer la geòloga marina María Vasílievna Kliónova. Va ser la primera dona que va investigar a l'Antàrtida.
13	8	2021	225	13 de agost de 1797. Va néixer l'enginyer i geòleg Casiano de Prado. El 1862, va participar en el descobriment de les primeres troballes paleolítiques de la península Ibèrica, a la vall del Manzanares.
14	8	2021	226	14 de agost de 1777. Va néixer Hans Christian Oersted. Va ser el físic que va descobrir l'electromagnetisme.
15	8	2021	227	15 de agost de 1896. Va néixer la bioquímica Gerty Cori. Al costat del seu marit Carl, va descobrir el mecanisme de la conversió catalítica del glucogen (el cicle de Cori). Va ser la primera dona que va guanyar el Premi Nobel en Fisiologia i Medicina.
16	8	2021	228	16 de agost de 1884. Va néixer el pioner de la ciència-ficció Hugo Gernsback. El seu enginy i imaginació van ser desbordants i va registrar multitud de patents. Per exemple: un instrument per captar millor el so a la ràdio, un nou mètode de depilació sense cera o una plataforma d'aterratge per a màquines voladores.
17	8	2021	229	17 de agost de 1737. Va néixer l'agrònom, higienista i nutricionista Antoine Parmentier. Gràcies al seu treball, es van anul·lar les lleis que prohibien el cultiu de la patata. Fins llavors, gairebé tots els països europeus consideraven que la patata no era comestible.
18	8	2021	230	18 de agost de 1824. Es va fundar el Reial Conservatori d'Arts i Oficis, que emmagatzema tota la informació tecnològica i és el registre de la propietat intel·lectual.
19	8	2021	231	19 de agost de 1790. Va néixer el rellotger Edward John Dent. És reconegut per la creació de rellotges de gran precisió i cronòmetres marins. Entre els seus rellotges més famosos es troba el Big Ben de Londres.
20	8	2021	232	20 de agost de 1994. El continent americà va quedar declarat lliure de poliomielitis gràcies a les campanyes de vacunació.
21	8	2021	233	21 de agost de 1961. Va néixer la neurobiòloga Mara Dierssen. És una experta mundial en el camp de la neurobiologia i la farmacologia, i una de les investigadores més destacades en la síndrome de Down.
22	8	2021	234	22 de agost de 1945. Va morir la fisiològica Ida Henrietta Hyde. Va desenvolupar un microelèctrode prou potent per a estimular teixits i prou petit per a extreure teixit d'una cèl·lula.
23	8	2021	235	23 de agost de 1931. Va néixer el microbiòleg Hamilton O. Smith. Va rebre el Premi Nobel pels seus treballs sobre enzims de restricció, capaços de tallar els àcids nucleics en punts concrets.
24	8	2021	236	24 de agost de 1890. Va néixer la bacteriòloga Pearl Louella Kendrick. És coneguda per desenvolupar la primera vacuna contra la tos ferina. Ho va fer en col·laboració amb l'experta en salut pública Grace Eldering i la química Loney Gordon.
25	8	2021	237	25 de agost de 1900. Va néixer el Premi Nobel Hans Adolf Krebs. Va donar nom al cicle de Krebs, una ruta metabòlica que permet l'obtenció d'energia per a les cèl·lules aeròbies.
26	8	2021	238	26 de agost de 1860. Va néixer l'enginyer i arqueòleg Luis Siret y Cels. Va descobrir els primers jaciments de la cultura argàrica al sud-est espanyol. La societat argàrica va ser una de les de major rellevància a l'Europa del III i II mil·lenni a.e.c.
27	8	2021	239	27 de agost de 1956. La central nuclear de Calder Hall es va convertir en la primera del Regne Unit que va subministrar electricitat a la població civil.
28	8	2021	240	28 de agost de 2013. Es van cultivar cervells humans en miniatura, de la mida d'un pèsol, a partir de cèl·lules mare.
29	8	2021	241	29 de agost de 2019. El major estudi realitzat per esbrinar la importància dels gens en la conducta sexual va confirmar que no hi ha un únic gen de l'homosexualitat i va posar de manifest la complexitat de la sexualitat humana.
30	8	2021	242	30 de agost de 1984. La nau espacial Discovery es va enlairar per primera vegada. Va arribar a realitzar 39 missions per a la NASA.
31	8	2021	243	31 de agost de 1912. Va néixer l'investigador Robert F. Borkenstein. Va investigar la influència del consum d'alcohol en els accidents de trànsit. Va inventar l'alcoholímetre, un instrument revolucionari per mesurar el nivell d'alcohol en l'aire espirat.
1	9	2021	244	1 de setembre de 1914. Va morir Martha, l'últim colom migratòri (Ectopistes migratorius). Tenia 29 anys i vivia en captivitat al zoològic de Cincinnati (EUA). En només un segle va passar de ser l'au més abundant d'Amèrica del Nord a extingir-se.
2	9	2021	245	2 de setembre de 1948. Va néixer la professora de secundària Christa Corrigan McAuliffe. Va ser seleccionada entre més d'11.000 sol·licitants per participar en el Projecte Professor a l'Espai de la NASA. Christa planejava realitzar experiments i ensenyar lliçons des de l'espai. El transbordador espacial en què viatjava va explotar 72 segons després de l'enlairament.
3	9	2021	246	3 de setembre de 1938. Va néixer el químic Ryōji Noyori. Va guanyar el Premi Nobel per les seves investigacions sobre la catàlisi. Els seus mètodes es fan servir, per exemple, per a la producció de mentol.
4	9	2021	247	4 de setembre de 1998. Larry Page i Sergei Brin van fundar Google. El cercador va començar a desenvolupar-se el 1996 com un projecte d'investigació, quan ells dos eren estudiants de doctorat.
5	9	2021	248	5 de setembre de 1885. Es va instal·lar la primera benzinera. Va ser a un garatge d'Indiana (Estats Units).
6	9	2021	249	6 de setembre de 1860. Va néixer la sociòloga i Premi Nobel de la Pau Jane Addams. Va ser pionera en la professió de treball social i va fundar la casa d'acollida Hull House, que també servia com a institució sociològica per a dones. Els seus treballs van tenir gran influència sobre l'escola de sociologia de Chicago.
7	9	2021	250	7 de setembre de 2016. Investigadors de l'IGME, l'Institut de Ciències del Mar (CSIC) i la Universitat de Las Palmas de Gran Canaria van descobrir que l'illa d'El Hierro va perdre el 40% del seu volum durant un enorme esfondrament de terra. El mega lliscament va tenir lloc fa 80.000 anys.
8	9	2021	251	8 de setembre de 1871. Va néixer la inventora i pianista Mary Elizabeth Hallock-Greenewalt. Les seves patents van permetre el desenvolupament del Sarabet, un òrgan de color. Aquest instrument emetia llums de colors amb intensitats i matisos que estaven sincronitzats amb la música.
9	9	2021	252	9 de setembre de 1936. Va néixer la microbiòloga molecular Daisy Roulland-Dussoix. Va col·laborar en el descobriment dels enzims de restricció.
10	9	2021	253	10 de setembre de 1984. Es va posar a punt la tècnica d'empremta genètica, que permet identificar les persones segons el seu ADN. Aquesta tècnica va començar a utilitzar-se en criminologia poc després.
11	9	2021	254	11 de setembre de 1942. Va néixer l'economista i historiadora econòmica Deirdre McCloskey. Les seves investigacions inclouen l'estudi dels orígens del món modern, el mal ús de la significació estadística en l'economia i altres ciències, i l'estudi del capitalisme.
12	9	2021	255	12 de setembre de 1958. L'enginyer elèctric Jack Kilby va presentar el primer circuit integrat del món. Els circuits integrats també es coneixen com a xips o microxips.
13	9	2021	256	13 de setembre de 1956. L'empresa IBM va presentar el primer ordinador comercial que utilitzava emmagatzematge en disc.
14	9	2021	257	14 de setembre de 1849. Va néixer el fisiòleg i Premi Nobel Iván Pávlov. Va descriure en gossos el model d'estímul-resposta o condicionament de Pávlov.
15	9	2021	258	15 de setembre de 1885. Constantin Fahlberg va patentar la sacarina. Aquest edulcorant es va sintetitzar per primera vegada a partir de derivats del quitrà d'hulla.
16	9	2021	259	16 de setembre de 1884. Es va realitzar la primera operació amb anestèsia local. Gràcies al seu èxit, va començar el seu ús generalitzat en odontologia.
17	9	2021	260	17 de setembre de 1857. Va néixer el físic i matemàtic Konstantín Tsiolkovski. Era sord des dels 10 anys i completament autodidacta. Els seus treballs van permetre posar en òrbita el primer satèl·lit artificial i el primer viatge d'una persona a l'espai.
18	9	2021	261	18 de setembre de 1819. Va néixer el físic Jean Foucault. Va inventar el giroscopi i el pèndol que demostra la rotació de la Terra.
19	9	2021	262	19 de setembre de 1991. Es van descobrir les restes momificades d'una persona paleolítica (Ötzi) a la glacera Similaun dels Alps, a la frontera entre Itàlia i Àustria.
20	9	2021	263	20 de setembre de 1906. Va néixer la matemàtica Vera Faddéyeva. Va publicar alguns dels primers treballs sobre àlgebra lineal.
21	9	2021	264	21 de setembre de 1866. Va néixer el metge i microbiòleg Charles Nicolle. Va guanyar el Premi Nobel per descobrir que els polls eren els principals transmissors del tifus.
22	9	2021	265	22 de setembre de 1863. Va néixer el microbiòleg Alexandre Yersin. Va ser codescobridor del bacteri responsable de la pesta bubònica, que s'anomena Yersinia pestis en honor seu.
23	9	2021	266	23 de setembre de 1889. Es va fundar Nintendo. En els seus inicis era una fàbrica de baralles de cartes japoneses. El 1975 va començar a desenvolupar videojocs i, actualment, és una de les majors empreses de hardware i software d'entreteniment.
24	9	2021	267	24 de setembre de 1905. Va néixer el metge i científic espanyol Severo Ochoa. Va guanyar el Premi Nobel pels seus estudis pioners sobre la síntesi de l'àcid ribonucleic (ARN).
25	9	2021	268	25 de setembre de 1899. Va néixer la neuròloga Margaret Kennard. És coneguda pels seus estudis sobre els efectes del dany neurològic en els primats.
26	9	2021	269	26 de setembre de 2013. El Curiosity Rover de la NASA va detectar una gran quantitat d'aigua de fàcil accés al cràter Gale de Mart.
27	9	2021	270	27 de setembre de 1818. Va néixer l'inventor Cosme García. Va ser el primer espanyol que va patentar un prototip de submarí. Un cop construït, aquest submergible va ser provat amb èxit al port d'Alacant el 1860.
28	9	2021	271	28 de setembre de 1889. La primera Conferència General de Pesos i Mesures va definir la longitud d'un metre com la distància entre dues línies en una barra fabricada amb un aliatge de platí amb 10% d'iridi, mesurada al punt de fusió del gel.
29	9	2021	272	29 de setembre de 1938. Va néixer el físic Enrico Fermi. El 1938, va rebre el Premi Nobel de Física pels seus treballs sobre radioactivitat induïda. Quatre anys després, va realitzar la primera reacció nuclear d'origen humà.
30	9	2021	273	30 de setembre de 2009. L'Observatori Astronòmic de Mallorca va anunciar el descobriment de l'estel '2009QG31 La Sagra', més enllà de l'òrbita de Mart.
1	10	2021	274	1 de octubre de 1883. Va tenir lloc el primer assaig de comunicació per telèfon a Espanya. La línia estava entre el Palau Real i els Ministeris a Madrid.
2	10	2021	275	2 de octubre de 1846. Va començar a funcionar la línia de telegrafia òptica de Castella, que anava des de Madrid fins a Irún. Va ser ideada per José María Mathé.
3	10	2021	276	3 de octubre de 1946. La química i cristal·lògrafa Rosalind Franklin va publicar el seu doctorat sobre química del carbó. El treball va ser clau per a comprendre l'estructura molecular de l'ADN.
4	10	2021	277	4 de octubre de 1949. Va néixer el bioquímic Mariano Barbacid. Va aïllar el primer oncogen humà (H-ras). Els oncogens són els responsables de què una cèl·lula normal es transformi en una cèl·lula maligna que desenvoluparà un càncer.
5	10	2021	278	5 de octubre de 1963. Va néixer el microbiòleg Francisco Juan Martínez Mojica. Va descobrir les seqüències repetides CRISPR en arquees. La tecnologia CRISPR-Cas d'edició genètica es basa en part en aquest descobriment.
6	10	2021	279	6 de octubre de 1897. Va néixer la bioquímica Florence Barbara Seibert. Va desenvolupar un mètode per purificar la proteïna derivada de la tuberculina (PPD-S). Això va permetre la creació d'un test fiable per a la tuberculosi.
7	10	2021	280	7 de octubre de 1948. Va néixer la naturalista i escriptora Diane Ackerman. Les seves obres de divulgació científica uneixen la poesia i un estil senzill, el que li ha potenciat un gran èxit editorial.
8	10	2021	281	8 de octubre de 1958. El cirurgià suec Ake Senning va implantar el primer marcapassos.
9	10	2021	282	9 de octubre de 1902. La comunitat científica internacional va reconèixer l'autenticitat de l'art paleolític de la cova d'Altamira. Aquestes pintures havien estat descobertes per la nena María Sanz de Sautuola quan visitava la cova en companyia del seu pare Marcelino.
10	10	2021	283	10 de octubre de 1966. Va néixer la química Carolyn Bertozzi. Va estudiar el paper dels glúcids en malalties com el càncer, l'artritis o la tuberculosi.
11	10	2021	284	11 de octubre de 1755. Va néixer el químic Fausto Delhuyar. Al costat del seu germà Juan José, també químic, van ser els primers a aïllar el wolframi (nombre atòmic 74 a la Taula Periòdica). Aquest metall és molt escàs i molt cobejat per les seves múltiples aplicacions.
12	10	2021	285	12 de octubre de 1920. Va néixer la microbiòloga Leslie Barnett. Va col·laborar en alguns dels avenços i descobriments més importants sobre l'estructura i les funcions dels gens.
13	10	2021	286	13 de octubre de 1914. Garret Morgan va patentar la màscara de gas. Uns anys després, aquest inventor va crear el semàfor automàtic amb llum d'advertència.
14	10	2021	287	14 de octubre de 1865. Va néixer la genetista Edith Rebecca Saunders. Va jugar un paper important en el redescobriment de les lleis de l'herència mendeliana i la comprensió de la genètica de les plantes.
15	10	2021	288	15 de octubre de 1902. Va néixer la mèdica Amparo Poch y Gascón. Es va especialitzar en puericultura i va realitzar una gran tasca educativa entre les classes socials més modestes per evitar malalties de tipus veneri.
16	10	2021	289	16 de octubre de 1969. Doñana es va convertir en Parc Nacional. El seu aiguamoll és lloc de pas, cria i hivernació per a milers d'aus europees i africanes.
17	10	2021	290	17 de octubre de 1919. Va començar a funcionar la primera línia de metro d'Espanya. Discorria entre la Puerta del Sol i Cuatro Caminos, a Madrid.
18	10	2021	291	18 de octubre de 1799. Va néixer el químic Christian Schoenbein. Va descobrir la nitrocel·lulosa i va posar nom a l'ozó.
19	10	2021	292	19 de octubre de 1924. Va néixer la patòloga Rosemary Bamforth. Va establir el vincle entre la mort per càncer de treballadors de vaixells i l'exposició a l'amiant.
20	10	2021	293	20 de octubre de 1850. Va néixer la naturalista Alice Blanche Balfour. Va treballar en el camp de l'entomologia i va ser pionera en genètica. Va estudiar com s'hereta el patró de ratlles de les zebres.
21	10	2021	294	21 de octubre de 1879. Thomas Edison va presentar la bombeta elèctrica.
22	10	2021	295	22 de octubre de 1949. Va néixer el metge Rafael Matesanz. El 1989 va fundar l'Organització Nacional de Trasplantaments (ONT), on es van establir els protocols responsables de què Espanya sigui líder mundial en trasplantaments.
23	10	2021	296	23 de octubre de 1887. L'Armada Espanyola va començar a construir el submarí Peral. Aquest submergible torpediner a propulsió elèctrica va ser el primer submarí militar de la història.
24	10	2021	297	24 de octubre de 1924. Va néixer la bioquímica i especialista en cereals Evangelina Villegas. Amb el seu col·lega Surinder K. Vasal, va desenvolupar la proteïna de blat de moro d'alta qualitat, per la qual van obtenir el Premi Mundial d'Aliments.
25	10	2021	298	25 de octubre de 1906. Santiago Ramón y Cajal va rebre la notificació de què havia guanyat el premi Nobel de Medicina. Segons sembla, la seva primera reacció va ser comentar que es tractava d'una broma dels estudiants. L'endemà ho va llegir als diaris.
26	10	2021	299	26 de octubre de 1878. Va néixer el matemàtic Sixto Cámara Tecedor. Va ser cofundador de l'Associació Espanyola per al Progrés de les Ciències, la Societat Matemàtica Espanyola i el Laboratori i Seminari Matemàtic de la Junta per a l'Ampliació d'Estudis.
27	10	2021	300	27 de octubre de 1904. Philip Downing va inventar l'apartat de correus, encara en ús en l'actualitat.
28	10	2021	301	28 de octubre de 1848. S'inaugura el primer ferrocarril de la península Ibèrica. Connectava Barcelona amb Mataró i la seva construcció va obligar a perforar el primer túnel ferroviari d'Espanya.
29	10	2021	302	29 de octubre de 1969. Dos ordinadors de diferents universitats californianes van aconseguir connectar-se i enviar un missatge a través d'un nou protocol, ARPANET. Aquesta xarxa és la precursora d'Internet.
30	10	2021	303	30 de octubre de 1900. Va néixer el científic Ragnar Granit. Va guanyar el Premi Nobel pels seus descobriments dels processos fisiològics i químics a l'ull.
31	10	2021	304	31 de octubre de 1798. John Dalton va descobrir la discromatòpsia. Aquesta malaltia de la vista es coneix vulgarment com daltonisme.
1	11	2021	305	1 de novembre de 1952. Es va aïllar per primera vegada l'element químic amb nombre atòmic 100. El seu nom (fermi) és un homenatge al físic Enrico Fermi.
2	11	2021	306	2 de novembre de 1919. Va néixer Marie Morisawa, una de les fundadores de la geomorfologia ambiental. La geomorfologia uneix geografia i geologia per estudiar les formes de la superfície terrestre i entendre la seva formació i comportament actual.
3	11	2021	307	3 de novembre de 1957. Laika va viatjar a l'espai a bord de l'Sputnik 2. Es va convertir així en el primer animal que va fer un vol espacial.
4	11	2021	308	4 de novembre de 2008. Un equip d'investigació de l'IGME va donar a conèixer el jaciment d'ambre cretaci d'El Soplao. Té una dimensió i riquesa excepcionals i el seu ambre blau-porpra mostra una luminescència que no té comparació en el món.
5	11	2021	309	5 de novembre de 1794. La química Elizabeth Fulhame va publicar "Un assaig sobre la combustió". Va ser el primer exemple de catàlisi que es va descriure.
6	11	2021	310	6 de novembre de 1935. L'enginyer Edwin Armstrong va presentar l'estudi titulat "Un mètode de reducció de molèsties a la ràdio mitjançant un sistema de modulació per freqüència". Es va crear així la ràdio FM (freqüència modulada).
7	11	2021	311	7 de novembre de 1867. Va néixer la química i física Marie Curie. Va encunyar el terme radioactivitat i va ser la primera persona que va rebre dos premis Nobel en diferents especialitats (Física i Química).
8	11	2021	312	8 de novembre de 1878. Va néixer la paleontòloga i zoòloga Dorothea Bate. Va ser pionera en zooarqueologia i, al costat de Dorothy Garrod, van trobar les restes fòssils de nombroses espècies que no havien estat descrites.
9	11	2021	313	9 de novembre de 1795. Va néixer el cirurgià James Barry. Va ser metge de l'Armada britànica i va treballar per millorar les condicions dels soldats ferits. Va realitzar la primera cesària amb èxit de la qual es té constància a Àfrica.
10	11	2021	314	10 de novembre de 1983. L'estudiant de doctorat Fred Cohen va crear un programa informàtic que és capaç d'instal·lar-se a si mateix, replicar-se i propagar-se a altres màquines. Va néixer així el primer virus informàtic.
11	11	2021	315	11 de novembre de 1930. Va néixer la física Mildred Dresselhaus. És coneguda com la reina de la ciència del carbó pels seus notables treballs sobre el grafit.
12	11	2021	316	12 de novembre de 1919. Va néixer la biòloga molecular Grete Kellenberg-Gujer. El seu prestigi deriva dels seus descobriments sobre la recombinació genètica i la restricció de l'ADN.
13	11	2021	317	13 de novembre de 2013. La NASA va publicar un vídeo que presenta a Mart com podria haver estat fa 4.000 milions d'anys, amb cels blaus i aigua.
14	11	2021	318	14 de novembre de 1863. Va néixer el químic Leo Baekeland. Va inventar la baquelita, el primer plàstic sintètic. El seu baix cost i versatilitat la van fer molt popular.
15	11	2021	319	15 de novembre de 1873. Va néixer la mèdica Sara Josephine Baker. Va realitzar importants contribucions per disminuir la taxa de mortalitat infantil.
16	11	2021	320	16 de novembre de 1940. Va néixer la física María Josefa Yzuel Giménez. La seva recerca s'ha centrat en el camp de l'òptica i ha rebut nombroses distincions a nivell nacional i internacional.
17	11	2021	321	17 de novembre de 2015. Un total de 195 estats va ratificar la creació dels Geoparcs Mundials de la UNESCO. Es tracta de llocs amb un patrimoni geològic de rellevància internacional que s'empren per promoure el desenvolupament sostenible de les comunitats que habiten en aquests.
18	11	2021	322	18 de novembre de 2010. A.S.U.R. va llançar la primera edició del Calendari Científic Escolar (a Romania).
19	11	2021	323	19 de novembre de 2006. La companyia japonesa de videojocs Nintendo va treure a mercat la consola Wii.
20	11	2021	324	20 de novembre de 1985. El cirurgià Leonard Lee Bailey va realitzar el primer trasplantament de cor amb èxit en un nadó.
21	11	2021	325	21 de novembre de 2013. L'observatori IceCube del Pol Sud va detectar neutrins d'alta energia d'origen extraterrestre. La seva procedència se situa fora del nostre sistema solar.
22	11	2021	326	22 de novembre de 2013. Un equip d'investigació de la Universitat de Bonn va descobrir un gen d'origen neandertal en persones actuals. Es tracta d'un gen de la immunitat que permet reconèixer intrusos perillosos i defensar-se davant ells mitjançant una resposta immune.
23	11	2021	327	23 de novembre de 2002. Va morir el bioquímic Ángel Martín Municio, el primer membre espanyol de l'Organització Europea de Biologia Molecular. Va ser president de la Reial Acadèmia de Ciències Exactes, Físiques i Naturals durant 17 anys.
24	11	2021	328	24 de novembre de 2021. Dia de l'Evolució. Es commemora la publicació el 1859 del llibre "L'origen de les espècies", de Charles Darwin.
25	11	2021	329	25 de novembre de 1884. Es va patentar un mètode per produir llet evaporada, per poder conservar la llet més temps. Aquest mateix dia, es va patentar una màquina per esterilitzar les llaunes a les quals es conservava aquesta llet.
26	11	2021	330	26 de novembre de 1857. Va néixer el lingüista Ferdinand de Saussure. És reconegut com el pioner de la lingüística científica.
27	11	2021	331	27 de novembre de 1895. Alfred Nobel va signar el seu testament. En aquest establia la creació d'un fons que es faria servir per atorgar cinc premis anuals: els Premis Nobel.
28	11	2021	332	28 de novembre de 1920. Va néixer la química Sagrario Ramírez Gallardo. Va inventar i patentar la benzina sòlida.
29	11	2021	333	29 de novembre de 1926. Va néixer l'astrònoma Dilhan Eryurt. El seu treball va proporcionar informació crucial a la NASA per modelar l'impacte solar en l'entorn lunar. Va ser premiada per la seva contribució a l'allunatge de l'Apollo 11.
30	11	2021	334	30 de novembre de 1720. Va néixer la matemàtica i escriptora María Andresa Casamayor y de la Coma. Va ser autora del Tirocinio Arithmetico, obra per a ensenyar matemàtiques des de i per a la vida diària. Va publicar aquest llibre amb el pseudònim masculí Casandro Mamés de La Marca y Araioa, usant les lletres del seu nom en diferent ordre.
1	12	2021	335	1 de desembre de 1913. Va néixer la psicòloga Mary Ainsworth. Al costat de John Bowlby, van desenvolupar la teoria de l'aferrament.
2	12	2021	336	2 de desembre de 1942. Enrico Fermi va posar en funcionament la Chicago Pile-1, el primer reactor nuclear artificial del món. El reactor estava format per una pila d'urani i blocs de grafit.
3	12	2021	337	3 de desembre de 1842. Va néixer la química i ecòloga Ellen Swallow Richards. Va ser una de les fundadores de la higiene ambiental, fase prèvia a l'ecologia moderna.
4	12	2021	338	4 de desembre de 1844. Va néixer Augusto Arcimís. Va ser el primer meteoròleg professional espanyol i el primer director de l'Institut Central Meteorològic (ara Agència Estatal de Meteorologia).
5	12	2021	339	5 de desembre de 1854. Aaron H. Allen va patentar la butaca amb seient abatible. Avui dia, aquest tipus de butaca s'usa en gairebé tots els teatres i auditoris del món.
6	12	2021	340	6 de desembre de 1888. Va néixer la zoòloga Libbie Henrietta Hyman. La seva obra en sis volums "Els invertebrats" segueix sent un treball de referència en l'actualitat.
7	12	2021	341	7 de desembre de 1949. La mestra Ángela Ruiz Robles va patentar l'Enciclopèdia Mecànica. Aquest invent es considera el precursor del llibre electrònic. Incloïa una forta perspectiva d'atenció a la diversitat, amb la possibilitat de muntar àudios i lupes per a l'alumnat amb problemes d'accés.
8	12	2021	342	8 de desembre de 2013. A la Universitat de Lyon es va mostrar un nou mètode per extreure hidrogen de les roques i l'aigua. Aquesta tècnica podria convertir-se en una nova font d'energia verda.
9	12	2021	343	9 de desembre de 1979. Es va erradicar per primera vegada una malaltia. Va ser la verola i es va aconseguir gràcies a la vacunació.
10	12	2021	344	10 de desembre de 1823. La paleontòloga Mary Anning va descobrir el primer esquelet complet d'un plesiosaure. Aquest gran rèptil marí va viure a principis del Juràssic.
11	12	2021	345	11 de desembre de 1863. Va néixer l'astrònoma Annie Jump Cannon. Va descobrir 300 estrelles variables i el seu treball de catalogació va ser fonamental per a l'actual classificació estel·lar.
12	12	2021	346	12 de desembre de 1901. Guglielmo Marconi va realitzar la primera comunicació radiofònica transatlàntica entre Cornualla (Regne Unit) i Terranova (Canadà).
13	12	2021	347	13 de desembre de 1816. Va néixer l'inventor Werner von Siemens. És considerat un dels pares de l'enginyeria elèctrica i el seu cognom ha quedat lligat per sempre a l'empresa que va fundar: Siemens.
14	12	2021	348	14 de desembre de 1911. L'expedició noruega dirigida per Roald Amundsen va arribar al Pol Sud. Per si l'equip no aconseguia tornar, van deixar allà una tenda amb una carta al seu interior per demostrar la seva fita.
15	12	2021	349	15 de desembre de 2010. Va arrencar l'expedició de circumnavegació Malaspina. Els vaixells Hespérides i Sarmiento de Gamboa (CSIC) van fer la volta al món per realitzar investigació científica, formar joves investigadors i fomentar les ciències marines. El seu nom és un homenatge a l'expedició que va dirigir Alejandro Malaspina al segle XVIII.
16	12	2021	350	16 de desembre de 1954. Tracy Hall va obtenir els primers diamants sintètics als laboratoris de General Electrics.
17	12	2021	351	17 de desembre de 2014. Un estudi de l'IGME i les Universitats de Barcelona i Harvard va demostrar l'existència de gambes de terra a Àlaba. Aquests crustacis van viure fa 105 milions d'anys i van quedar conservats en ambre.
18	12	2021	352	18 de desembre de 2019. Es va descriure una nova espècie de paràsit en marsupials. El seu nom és Theileria lupei en reconeixement a la veterinària Guadalupe Miró, per la seva contribució al camp de la parasitologia.
19	12	2021	353	19 de desembre de 2016. La revista Nature va nomenar a Alexandra Elbakyan una de les deu persones més destacades de l'any en ciència. Alexandra és la fundadora de Sci-Hub, una pàgina web amb accés gratuït a milions d'articles científics.
20	12	2021	354	20 de desembre de 1852. Va néixer el bacteriòleg Kitasato Shibasaburō. Va ser codescubridor del bacteri que causa la pesta bubònica i va desenvolupar tractaments per al tètanus, la diftèria i l'àntrax. També va donar nom a un instrument de laboratori: el matràs kitasato.
21	12	2021	355	21 de desembre de 1773. Va néixer el botànic Robert Brown. Va descobrir que les minúscules partícules suspeses en els líquids estan en moviment. Això es coneix com a moviment brownià.
22	12	2021	356	22 de desembre de 1882. Edward Hibberd Johnson es va convertir en la primera persona al món que va adornar el seu arbre nadalenc amb llums elèctriques. En aquesta època, era habitual utilitzar espelmes, el que provocava nombrosos incendis.
23	12	2021	357	23 de desembre de 1947. Els físics Walter Brattain i John Bardeen van desenvolupar el primer transistor. Aquest dispositiu és la base del funcionament de la majoria dels aparells electrònics.
24	12	2021	358	24 de desembre de 1913. Va néixer la química Miriam Michael Stimson. Va desenvolupar la tècnica de disc de bromur de potassi. Aquest mètode de preparació de les mostres millora la seva anàlisi mitjançant espectroscòpia infraroja.
25	12	2021	359	25 de desembre de 1901. Va néixer Richard Shope, l'especialista en patologia animal que va aïllar per primera vegada un influenzavirus. Aquests virus causen la grip en aus i mamífers (incloent-hi els humans).
26	12	2021	360	26 de desembre de 1780. Va néixer la matemàtica i astrònoma Mary Fairfax Greig Somerville. Va proposar l'existència d'un planeta que alterava l'òrbita d'Urà. Posteriorment es va demostrar que aquest planeta era Neptú.
27	12	2021	361	27 de desembre de 1822. Va néixer el químic i microbiòleg Louis Pasteur. Va demostrar que la fermentació era causada per microorganismes i va inventar la pasteurització. Aquest mètode permet el control dels microbis en líquids, com la llet.
28	12	2021	362	28 de desembre de 1956. Va néixer la física Teresa Rodrigo Anoro. Va jugar un paper important en el descobriment del bosó de Higgs l'any 2012. Va ser directora de l'Institut de Física de Cantàbria i va formar part del Comitè de Política Científica de CERN.
29	12	2021	363	29 de desembre de 1800. Va néixer l'inventor Charles Goodyear. Va descobrir el procés de vulcanització del cautxú, amb el qual es fan els pneumàtics.
30	12	2021	364	30 de desembre de 1930. Va néixer la química i farmacèutica Youyou teu. Va rebre el Premi Nobel per descobrir una nova teràpia contra la malària.
31	12	2021	365	31 de desembre de 2019. L'Oficina de l'OMS a la Xina va rebre un avís de diversos casos de pneumònia de causa desconeguda a la ciutat de Wuhan. Posteriorment, es va determinar que el causant de la malaltia era el coronavirus SARS-CoV-2.
				
				
				
				
				
				
				
				
				
				
				
				Desembre.