dia	mes	personaje	texto
1	1	1	1 de xineru de 1914. Nació Manuela Garín Pinillos, una de les pioneres de la matemática mexicana. Los sos modelos matemáticos foron un encontu pa esplicar el campu magnéticu de la Tierra.
2	1	2	2 de xineru de 1839. Louis Daguerre intentó facer la primer semeya del espaciu. Pa facela mandóse d’un daguerrotipu y un telescopiu, pero nun tuvo éxitu (la semeya salió borrosa).
3	1	3	3 de xineru de 1871. Henry Bradley patentó la primer margarina. La so receta taba fecha principalmente con aceite d'algodón y grasa animal.
4	1	4	4 de xineru de 1963. Nació la neurocientífica May-Britt Moser. Recibió un Premiu Nobel pola so investigación acerca de les célules de rede asitiaes nel cerebru.
5	1	5	5 de xineru de 1895. Nació la microbióloga Rebecca Craighill Lancefield. Inventó un nuevu métodu pa clasificar les bacteries del grupu Streptococcus.
6	1	6	6 de xineru de 1838. Samuel Morse y Alfred Vail utilizaron el telégrafu en público per primer vegada. Esti inventu foi ún de los sistemes de comunicación más populares a lo llargo de décades.
7	1	7	7 de xineru de 1992. La empresa AT&T presentó’l videófonu. Foi’l primer teléfonu con pantalla de videu.
8	1	8	8 de xineru de 1988. La Base Antártica Española Xuan Carlos I quedó inaugurada. Esta base científica xestiónala'l CSIC y asítiase na islla Livingston de L’Antártida.
9	1	9	9 de xineru de 1923. L’inventor Juan de la Cierva utilizó con éxitu l’autoxiru. Esta aeronave ye una mestura d'avión y helicópteru.
10	1	10	10 de xineru de 1860. El metro de Londres quedó inauguráu. Esti metro ye’l sistema de tresporte públicu baxo tierra más antiguu del mundu.
11	1	11	11 de xineru de 1907. Nació la inmunóloga Mary Shaw Shorb. Mary desendolcó una téunica p’analizar la vitamina B12. Con ello contribuyó a combatir l’anemia perniciosa.
12	1	12	12 de xineru de 1925. Naz l’albeitre Miguel Cordero del Campillo. Foi una autoridá mundial nel campu de la parasitoloxía. Tuvo un papel clave na nacencia de la Universidá de Lleón.
13	1	13	13 de xineru de 1927. Nació’l biólogu Sydney Brenner. Recibió un Premiu Nobel poles sos investigaciones sobre la regulación xenética del desendolcu y la muerte celular.
14	1	14	14 de xineru de 1973. Elvis Presley fixo’l primer conciertu tresmitíu per vía satélite. Fíxose dende’l Centru Internacional de Honolulu y pudo vese en 40 países.
15	1	15	15 de xineru de 1826. Nació l’asistente científica Marie Pasteur. Trabayó como asistente y collaboradora de Louis Pasteur, con quien taba casada. El so sofitu foi esencial nos descubrimientos del investigador.
16	1	16	16 de xineru de 1932. Nació la zoóloga Dian Fossey. Foi una observadora paciente del comportamientu de los goriles y fundó’l Centru d’Investigación de Karisoke (Ruanda). Esti centru ye la mayor esperanza pal caltenimientu de los goriles de monte.
17	1	17	17 de xineru de 1897. Nació la física Caroline Emilie Bleeker. Los sos estudios más conocíos inclúin el diseñu y la fabricación d’instrumentos ópticos.
18	1	18	18 de xineru de 1969. Un equipu d’astronomía de la Universidá d’Arizona deteutó les señales óptiques d’un púlsar per primer vegada.
19	1	19	19 de xineru de 1915. Georges Claude patentó’l primer tubu de neón. Esti inventu popularizóse darréu por cuenta del so emplegu en cartelos publicitarios.
20	1	20	20 de xineru de 1944. Fundóse la Estación de Bioloxía Esperimental de Cogullada (conocida güei como Estación Esperimental d’Aula Dei). L’oxetivu d’esti institutu del CSIC ye ameyorar la competitividá y sostenibilidá del sector agrícola.
21	1	21	21 de xineru de 1865. Nació Sophia Jex-Blake, quien ye conocida como una de les Siete d’Edimburgu. Dirixó la campaña p’asegurar l’accesu de les muyeres a la educación universitaria y depués estudió Medicina.
22	1	22	22 de xineru de 1909. Nació’l farmacéuticu y biólogu Faustino Gordón. Les sos investigaciones tuvieron centraes nel campu de la evolución. En 1979 creó la Fundación pa la Investigación sobre la Bioloxía Evolucionista.
23	1	23	23 de xineru de 1921. Nació l’arqueóloga Marija Gimbutas. Propunxo la «hipótesis de los kurganes». Esta hipótesis combinó l’arqueoloxía y la llingüística p’allugar el llar orixinariu de los pueblos que falaben l’idioma protoindoeuropéu.
24	1	24	24 de xineru de 1809. Nació’l naturalista Mariano de la Paz Graells. Describió nueves especies d’inseutos, ente les que rescampla la magnífica caparina isabelina (Graellsia isabelae).
25	1	25	25 de xineru de 1235. Posible fecha de nacencia de Ramón Llul. El so escritu tituláu «El árbol de la ciencia» ye’l primer tratáu científicu sobre naturaleza n’España.
26	1	26	26 de xineru de 1941. Nació la bioquímica Joan Elaine Argetsinger Steitz. Ganó sonadía internacional polos sos descubrimientos sobre l’ARN.
27	1	27	27 de xineru de 1876. L’inxenieru llétricu Elisha Gray solicitó la patente del telégrafu musical. Foi ún de los primeros instrumentos musicales llétricos.
28	1	28	28 de xineru de 2013. La supercomputadora IBM Sequoia batió un récor de cálculu al modelar un motor pa un jet esperimental. Pa ello cuntó col encontu de más d’un millón de núcleos de procesamientu.
29	1	29	29 de xineru de 1947. Nació la bióloga y médica Llinda Brown Buck. Ganó un premiu Nobel pol so descubrimientu de los receutores del olfatu y la organización del sistema olfativu.
30	1	30	30 de xineru de 1975. L’escultor Ernő Rubik solicitó la patente del cubu máxicu. Esti inventu conozse güei como’l cubu de Rubik.
31	1	31	31 de xineru de 1925. Nació Manuel Jalón. Fixo numberoses patentes, incluyendo preseos tan conocíos como la fregona o la xeringa hipodérmica d'un solu usu.
1	2	32	1 de febreru de 1949. Entró en funcionamientu’l telescopiu Hale, el más grande del mundu nesi momentu (200 pulgaes).
2	2	33	2 de febreru de 1939. Nació la bioteunóloga Mary-Dell Chilton. Foi una de les fundadores de la bioteunoloxía moderna en plantes.
3	2	34	3 de febreru de 1900. Nació Juana Álvarez-Prida y Vega. Foi una de les primeres químiques españoles. En 1990 recibió’l primer Premiu a la Muyer Progresista na Ciencia.
4	2	35	4 de febreru de 1896. Thaddeus Cahill solicitó la patente del telarmoniu, el primer instrumentu musical dafechamente electrónicu y polifónicu. El primer prototipu pesaba 200 tonelaes y tenía un llargor de 18 metros.
5	2	36	5 de febreru de 1949. Nació la paleontóloga Nieves López Martínez. Foi reconocida internacionalmente como esperta na evolución de los lagomorfos (coneyos, llebres y piques) y nos eventos bióticos y ambientales rellacionaos col desaniciu masivu del Cretácicu Terciariu 2014.
6	2	37	6 de febreru de 2014. La NASA publicó la primer imaxe tomada pol Rover Curiosity: la imaxe de la Tierra y la Lluna nel cielu de Marte.
7	2	38	7 de febreru de 1824. Nació William Huggins. Revolucionó l’astronomía al aplicar métodos pa determinar la composición química de les estrelles.
8	2	39	8 de febreru de 1825. Nació Henry Bates. Afayó que, pa protexese de los depredadores, delles caparines inofensives aseméyense enforma a otres especies que son tóxiques (mimetismu batesianu).
9	2	40	9 de febreru de 1859. Nació’l constructor de muérganu Robert Hope-Jones. Desendolcó un muérganu de teatru p’acompañar les películes mudes. Basándose nel so mecanismu, patentó’l diáfonu, que ye la turulla que s’asitia cabo los faros y pue empobinar los barcos na borrina.
10	2	41	10 de febreru de 1996. Nos Estaos Xuníos, la supercomputadora IBM Deep Blue ganó per primer vegada a Garry Kasparov, campeón mundial d’axedrez.
11	2	42	11 de febreru de 1939. Lise Meitner asoleyó’l primer descubrimientu de fisión nuclear d’uraniu cuando absuerbe un neutrón adicional.
12	2	43	12 de febreru de 1809. Nació Charles Darwin, el famosu naturalista qu’ellaboró la teoría de la evolución per aciu de la seleición natural.
13	2	44	13 de febreru de 1946. Nació la matemática Pilar Bayer. En 1986 fundó’l Seminariu de Teoría de Númberos de Barcelona, en que s'enmarca'l so llabor investigador.
14	2	45	14 de febreru de 2005. Un equipu d’investigadores del CSIC llogró y secuenció ADN d’un individuu neandertal procedente del xacimientu d'El Sidrón.
15	2	46	15 de febreru de 2001. Publicóse en Nature (y a otru día en Science) la secuenciación y análisis inicial del xenoma humanu.
16	2	47	16 de febreru de 2005. Entró a valir el Protocolu de Kioto, conveniu mundial p’amenorgar les emisiones de gases d’efeutu ivernaderu.
17	2	48	17 de febreru de 1874. Nació la xeóloga Día Helen Ogilvie. Afayó propiedaes de la llava y los efeutos de la secura sobre la erosión de los suelos.
18	2	49	18 de febreru de 1913. El químicu y Premio Nobel Frederick Soddy introduxo’l términu isótopu.
19	2	50	19 de febreru de 1878. Thomas A. Edison patentó’l fonógrafu.
20	2	51	20 de febreru de Inve. stigadores del IXME afayaron la primera mantis relixosa fósil y una de les más antigües que se conocen nel mundu. Atopóse nel xacimientu d’ámbare de San Just, n’Utrillas (Teruel), que tien una edá d’unos 105 millones d’años (periodu Cretácicu).
21	2	52	21 de febreru de 1947. L’inventor Edwin Herbert Land amosó per primer vegada en público una cámara instantánea de semeyes, la Polaroid Land Camera.
22	2	53	22 de febreru de 1876. Fundóse la Universidá Johns Hopkins. Foi la primer universidá dedicada específicamente a la investigación médica nos Estaos Xuníos. La fundación foi posible gracies al heriedu del empresariu Johns Hopkins.
23	2	54	23 de febreru de 1879. Nació Agnes Arber, botánica especializada nel estudiu de plantes monocotiledónees.
24	2	55	24 de febreru de 1938. La empresa DuPont entamó la fabricación del primer productu de nailon destináu a la venta: un cepiyu de dientes. Hasta entós facíense principalmente con pelo del pescuezu de los gochos.
25	2	56	25 de febreru de 1869. Nació’l químicu Phoebus Levene. Descubrió la desoxirribosa, ún de los componentes principales del ADN.
26	2	57	26 de febreru de 1958. Nació Susan Helms, muyer astronauta que batió’l récor del paséu espacial más llargu (cuasi 9 hores).
27	2	58	27 de febreru de 1869. Nació la patóloga Alice Hamilton. Investigó acerca d'enfermedaes industriales y ayudó a consiguir condiciones de trabayu más segures.
28	2	59	28 de febreru de 1953. Francis Crick y James Watson publicaron el descubrimientu de la estructura del ADN. Entrambos dos recibieron el Premiu Nobel en 1962. La so collaboradora, Rosalind Franklin, morrió en 1958 ensin recibir nenguna reconocencia.
1	3	60	1 de marzu de 1893. l’Institutu Nacional de Meteoroloxía ellaboró’l primer mapa del tiempu d’España.
2	3	61	2 de marzu de 1922. Nació la programadora Frances Bilas Spence. Foi una de les seis programadores orixinales de la primer computadora dixital de propósitu xeneral ENIAC.
3	3	62	3 de marzu de 1886. Nació la educadora y pedagoga Helen Parkhurst. Creó’l Plan Dalton. Esti plan basábase na ausencia d’asignatures y l’usu de guíes d’investigación empara de llibros de testu. La clas conviértese nun llaboratoriu onde l’alumnáu completa’l deprendizaxe al que se compromete per aciu d’un contratu col profesoráu.
4	3	63	4 de marzu de 1877. Nació l’etnólogu Robert Fritz Graebner. Desendolcó la teoría de Kulturkreis o Círculu cultural. Esta teoría postulaba l’espardimientu de cultures primitives derivaes d’un solu tipu arcaicu.
5	3	64	5 de marzu de 2013. El Proyeutu Human Connectome asoleyó imáxenes bien detallaes de cerebros humanos. Estes imáxenes dexaron estudiar la complexidá de les estructures cerebrales ya identificar causes de los trestornos neuronales.
6	3	65	6 de marzu de 1937. Nació la inxeniera y cosmonauta Valentina Tereshkova. Foi la primer muyer que viaxó al espaciu esterior, a bordu de la nave Vostok 6.
7	3	66	7 de marzu de 2009. Llanzóse l’observatoriu espacial Kepler. La so misión yera afayar planetes asemeyaos a la Tierra alredor d’otres estrelles.
8	3	67	8 de marzu de 1839. Nació Josephine Cochrane. Foi la inventora de la primer máquina fregaplatos que resultó exitosa.
9	3	68	9 de marzu de 1961. El Sputnik 9 llevó a la perra Chernushka al espaciu. A bordu diben tamién una cobaya, un mur y un maniquín de pruebes llamáu Ivan Ivanovich. El maniquín salió disparáu na reentrada y aterrizó con un paracaíes. El restu llegaron sanos y correchos dientro de la cápsula.
10	3	69	10 de marzu de 1876. Alexander Graham Bell fixo la primer llamada telefónica con éxitu na historia.
11	3	70	11 de marzu de 1926. Nació’l médicu ya investigador Thomas Earl Starzl. En 1967, llevó alantre’l primer tresplante de fégadu exitosu (tres dellos intentos fallíos).
12	3	71	12 de marzu de 2015. Un nuevu tratamientu de la enfermedá d’Alzheimer consiguió desaniciar les plaques d’amiloide nel 75% de los casos (en mures).
13	3	72	13 de marzu de 1988. Inauguróse’l túnel Seikan ente les ciudaes d’Aomori y Hakodate (Xapón). Ye’l túnel submarín más llargu del mundu.
14	3	73	14 de marzu de 1963. Nació l’astronauta, políticu ya inxenieru aeronáuticu Pedro Duque. Ye conocíu principalmente por ser el primer astronauta de nacionalidá española.
15	3	74	15 de marzu de 1985. Rexistróse’l primer dominiu «puntu com» n’internet: Symbolics.com.
16	3	75	16 de marzu de 1799. Nació la botánica Anna Atkins. Ye reconocida como la primer muyer fotógrafa.
17	3	76	17 de marzu de 1963. María Elisa Álvarez Obaya fixo los análisis que descubrieron el casu del metílicu. Dende la so modesta farmacia de Lanzarote, María Elisa demostró qu’una serie d’estrañes muertes yeren por mor del consumu de llicores adulteraos con metanol.
18	3	77	18 de marzu de 1987. Anuncióse’l descubrimientu de la superconductividá a alta temperatura. Foi nun congresu científicu en Nueva York.
19	3	78	19 de marzu de 2019. Un estudiu internacional con participación del CSIC determinó que los océanos absuerben el 31% del CO2 producío pola actividá humana.
20	3	79	20 de marzu de 2021. Día Mundal del Gorrión. Esta iniciativa busca llamar l’atención sobre la situación de los gorriones. La so población sufre un importante descensu, especialmente nes ciudaes.
21	3	80	21 de marzu de 1866. Nació l’astrónoma Antonia Maury. Trabayó nel Harvard College Observatory y publicó un importante catálogu d’espectros estelares.
22	3	81	22 de marzu de 1920. Nació la xeoquímica Katsuko Saruhashi. fixo les primeres midíes de los niveles de dióxidu de carbonu (CO2) nel agua de mar. Amosó evidencies de los peligros del agua radiactivo nel mar y l’atmósfera.
23	3	82	23 de marzu de 2005. José Luis Carrascosa y el so equipu del Centru Nacional de Bioteunoloxía describieron per primer vegada la estructura del virus de la viruela.
24	3	83	24 de marzu de 1882. Robert Koch anunció’l descubrimientu de la bacteria responsable de la tuberculosis. Yera la Mycobacterium tuberculosis (bacilu de Koch).
25	3	84	25 de marzu de 1914. Nació l’agrónomu Norman Borlaug. Nomáu’l «Padre de la Revolución Verde», recibió’l Premiu Nobel de la Paz polos sos esfuercios pa introducir la grana híbrido na producción agrícola en Méxicu, Paquistán y La India. Esto aumentó la productividá agrícola y salváronse millones de vides humanes.
26	3	85	26 de marzu de 1953. L’investigador Jonas Salk anunció’l descubrimientu de la vacuna contra la poliomielitis. Gracies a la vacunación, esta enfermedá infeiciosa, conocida como parálisis infantil, foi desaniciada d’Europa, América, Oceanía y África.
27	3	86	27 de marzu de 1827. Charles Darwin, con 18 años, presentó’l so primer descubrimientu científicu. Trataba sobre la bioloxía de pequeños animales marinos.
28	3	87	28 de marzu de 2013. La Universidá de Stanford fixo públicu’l desendolcu d’un transistor biolóxicu fechu a partir de molécules d’ADN y ARN.
29	3	88	29 de marzu de 1942. Nació la bióloga Ann A. Kiessling. Xuntu a Mehran Goulian, descubrió l’actividá de la transcriptasa inversa en célules humanes. Pensábase antes qu’esta enzima namás s’atopaba nos retrovirus.
30	3	89	30 de marzu de 1900. Nació la bibliotecaria, filóloga y lexicógrafa española María Moliner. Foi l’autora del Diccionario de uso del español.
31	3	90	31 de marzu de 1596. Nació René Descartes, el famosu filósofu y matemáticu francés. Foi l’autor del conceutu «Pienso, llueu esisto».
1	4	91	1 d’abril de 1940. Nació la bióloga y ecoloxista Wangari Muta Maathai. Recibió’l Premiu Nobel de la Paz 2004 poles sos contribuciones al desendolcu sostenible y la democracia. Foi la primer africana en llograr esti gallardón.
2	4	92	2 d’abril de 1618. Nació’l físicu Francesco Grimaldi. Descubrió la difracción de la lluz.
3	4	93	3 d’abril de 1934. Nació la primatóloga Jane Goodall. Ye reconocida mundialmente polos sos estudios sobre les interaiciones sociales y familiares de los chimpancés.
4	4	94	4 d’abril de 1868. Nació la matemática Philippa Garrett Fawcett. Ganó una beca na Universidá de Cambridge gracies a el so estraordinariu ésitu nel Mathematical Tripos (1890). Investigó sobre dinámica de fluyíos.
5	4	95	5 d’abril de 1952. Nació’l químicu Venki Ramakrishnan. Recibió’l Premiu Nobel pol estudiu de la estructura y función del ribosoma.
6	4	96	6 d’abril de 1846. Nació Antonio Machado y Álvarez o «Demófilo», pá de los poetes Antonio y Manuel Machado. Foi ún de los primeros folcloristes n’estudiar científicamente’l flamencu.
7	4	97	7 d’abril de 1995. Inauguración de la Domus de La Coruña, el primer muséu interactivu de calter científicu que trata’l ser humanu d’una forma global y monográfica.
8	4	98	8 d’abril de 1911. Nació’l químicu Melvin Calvin. Recibió’l Premiu Nobel de Química polos sos trabayos sobro l’asimilación del CO2 per parte de les plantes.
9	4	99	9 d’abril de 1860. L’inventor Eduard Leon Scott de Martinville fixo la primer grabación conocida de la voz humano. Yera una voz soprano qu’interpretaba’l cantar «Au clair de la Lune».
10	4	100	10 d’abril de 2011. Un estudiu del IXME, CIATF y les Universidaes Complutense y de Lisboa afayó depósitos de tsunamis en Tenerife. Los tsunamis provocaron foles de más de 50 metros d’altor y tuvieron venceyaos a la destrucción del edificiu volcánicu de Las Cañadas, anterior al actual Teide.
11	4	101	11 d’abril de 2013. Descúbrese qu’escuchar soníos nel suañu, n’intervalos de tiempu controlaos, pue ameyorar la memoria.
12	4	102	12 d’abril de 1961. Yuri Gagarin convirtióse nel primer ser humanu en viaxar al espaciu. Fíxolo a bordu de la nave soviética Vostok 1.
13	4	103	13 d’abril de 2014. La espedición Subvent del IXME afayó grandes bancos de moxones quimiosintéticos alredor de fontes de metanu nel Golfo de Cádiz. Tamién afayó nuevos volcanes submarinos en Lanzarote.
14	4	104	14 d’abril de 1977. Rosemary Hutton publicó un artículu sobre cómo la conductividá llétrica de les peñes pue usase pa investigar la historia xeolóxica.
15	4	105	15 d’abril de 1452. Nació Leonardo da Vinci, pintor, escultor, inventor, inxenieru y arquiteutu del Renacimientu.
16	4	106	16 d’abril de 1921. Isaac Carasso solicitó la patente pa la ellaboración d’una lleche cuayao llamao comúnmente «yoghourt». Bautizó la so empresa Danone, pol diminutivu del nome del so fíu Daniel («Danón»).
17	4	107	17 d’abril de 1887. Nació Clodomiro Picado. Foi pioneru na investigación sobro culiebres y los sos venenos. Tamién foi ún de los precursores del descubrimientu de la penicilina.
18	4	108	18 d’abril de 1917. Nació la psicóloga Mamie Phipps Clark. Trabayó na comprensión del desendolcu de la conciencia social en neños preescolares.
19	4	109	19 d’abril de 1946. Nació la química María Vallet Regí. Ye esperta nel campu de los biomateriales con aplicaciones en traumatoloxía, odontoloxía o inxeniería tisular.
20	4	110	20 d’abril de 2017. Bryan Keith Holland depositó la so tesis doctoral sobro los microARN del VIH. Ye más conocíu pol so llamatu «Dexter» y por ser el cantante y guitarrista de la banda punk rock The Offsprings.
21	4	111	21 d’abril de 1838. Nació’l conservacionista John Muir. Defendió l’establecimientu de los parques nacionales Sequonia y Yosemite.
22	4	112	22 d’abril de 1999. Apertura de la Casa de les Ciencies de Logroño. Esti centru ta dedicáu a la divulgación de la cultura de la ciencia y la tecnoloxía, al traviés d’esposiciones, conferencies, cursos, proyeiciones y demostraciones científiques.
23	4	113	23 d’abril de 1933. Nació la informática Annie J. Easley. Trabayó nel Lewis Research Center de la NASA. Formó parte del equipu que fixo’l software del cohete Centauru.
24	4	114	24 d’abril de 2013. IBM desendolcó un robó que combina telepresencia y teunoloxíes de realidá aumentada p’ayudar en proyeutos d’inxeniería en fasteres remotes.
25	4	115	25 d’abril de 1945. Nació la embrióloga Jean Marian Purdy. Foi una de les responsables del desendolcu de la fecundación in vitro.
26	4	116	26 d’abril de 1927. Nació la bióloga Anne McLaren. Foi pionera nel estudiu de la bioloxía del desendolcu. El so trabayu ayudó a desarrollar la téunica de fertilización in vitro.
27	4	117	27 d’abril de 1993. El trombonista John Kenny foi’l primeru en facer sonar un carnyx dende la dómina celta. Pa ello, utilizó una reconstrucción del carnyx de Deskford fecha pol musicólogu John Purser y l’orfebre John Creed. L’instrumentu orixinal y la reconstrucción amuésense nel Muséu Nacional d’Escocia.
28	4	118	28 d’abril de 1932. Descubrióse la vacuna contra la fiebre mariello.
29	4	119	29 d’abril de 1894. Nació la física Marietta Blau. Foi pionera nel rexistru ya identificación de partícules atómiques per aciu de plaques d’emulsiones fotográfiques. El so trabayu contribuyó a entender meyor les reaiciones nucleares.
30	4	120	30 d’abril de 2010. Investigadores del IXME alcuentren en mapes del sieglu XVIII y XIX un llamorgal que se sumiere del rexistru históricu.
1	5	121	1 de mayu de 2013. Entamó’l proyeutu EMTASY pa determinar el mecanismu qu’asitia’l corazón a la esquierda. Dirixiólu Ángela Nieto Toledano y ayudó a entender munches malformaciones conxénites.
2	5	122	2 de mayu de 1997. L’equipu científicu d’Atapuerca llogró’l premiu Príncipe d’Asturies d’Investigación Científica y Téunica pol descubrimientu del Homo antecessor. Esti homínidu vivió n’Europa hai 800.000 años.
3	5	123	3 de mayu de 1910. Nació l’arqueóloga Anne Strachan Robertson. Ye conocida polos sos estudios del muriu d’Antoninu y les monedes imperiales romanes.
4	5	124	4 de mayu de 1825. Nació’l biólogu Thomas Huxley. Foi’l primeru en suxerir que les aves evolucionaron a partir de los dinosaurios.
5	5	125	5 de mayu de 1882. Nació’l médicu y científicu español Pío del Río Ortega. Descubrió la microglía, un tipu de célula del sistema nerviosu.
6	5	126	6 de mayu de 1840. Salió a la venta’l primer sellu adhesivu. Tenía’l perfil de la reina Victoria del Reinu Xuníu y concíase como’l «penny black».
7	5	127	7 de mayu de 1954. Entamó la construcción de la Ponte Mackinac en Michigan. Foi la ponte colgante más llarga del mundu nel so tiempu.
8	5	128	8 de mayu de 1980. La OMS certificó’l desaniciu de la viruela. Esti finxu llogróse gracies a la vacunación.
9	5	129	9 de mayu de 1882. William H. Ford patentó’l diseñu d’un estetoscopiu cola forma qu’entá s’usa güei.
10	5	130	10 de mayu de 1888. Nació la hematóloga Lucy Wills. Atopó un factor nutricional nel lleldu que previén y cura l’anemia macrocítica nel embarazu. Conozse como’l factor de Wills o folatu, la forma natural del ácidu fólico.
11	5	131	11 de mayu de 2001. Tuvo llugar un terremotu en Lorca (Murcia) con una magnitú de 5,2 Mw. Causó un gran impautu, con 9 víctimes mortales y grandes daños materiales.
12	5	132	12 de mayu de 1910. Nació’l Premiu Nobel Dorothy Crowfoot Hodgkin. Determinó la estructura 3D de molécules como la penicilina o la insulina. La estructura 3D ye clave pa entender les funciones.
13	5	133	13 de mayu de 1857. Nació’l bacteriólogu Ronald Ross. Descubrió que la malaria tresmitíase pel mosquitu Anopheles.
14	5	134	14 de mayu de 1899. Nació la bióloga Charlotte Auerbach. Especializóse en zooloxía y xenética, y contribuyó al descubrimientu de la mutaxénesis y de los sos efeutos. Algamó sonadía en 1942 cuando punxo de manifiestu, xunto con Alfred Joseph Clark y J. M. Robson, que’l gas mostaza podía causar mutaciones.
15	5	135	15 de mayu de 1925. Nació la xenetista Mary Frances Lyon. Descubrió la lionización, un fenómenu pel que s’inactiva una de los dos copies del cromosoma X nes célules de les femes mamíferes.
16	5	136	16 de mayu de 1919. Nació l’oceanógrafu y ecólogu Ramón Margalef. Introduxo la Teoría de la Información n’Ecoloxía y l’índiz de Shannon-Weaver como midida de diversidá.
17	5	137	17 de mayu de 1749. Nació l’inmunólogu Edward Jenner. Llogró la primer vacuna de la historia, concretamente contra la viruela.
18	5	138	18 de mayu de 2012. Celebróse’l primer Día Internacional de la Fascinación poles Plantes. El so oxetivu ye reconocer la importancia de les plantes na nuesa vida, gracies a la producción d’alimentos pa persones y animales, papel, madera, enerxía y productos farmacéuticos.
19	5	139	19 de mayu de 2014. La NASA entamó la construcción del robó espacial InSight, que posó en Marte en 2018.
20	5	140	20 de mayu de 1900. Nació la química y física Erika Cremer. Foi pionera en cromatografía de gases. Sicasí, el so artículu de 1944 sobre’l so métodu nun se llegó a asoleyar porque un bombardéu destruyó les pruebes d’imprenta na revista Naturwissenschaften.
21	5	141	21 de mayu de 1921. Nació’l físicu Andréi Sájarov. Participó nel desendolcu de bombes atómiques nos años 50. Darréu, lluchó contra la proliferación d’armes nucleares y foi gallardonáu col Premiu Nobel de la Paz en 1975.
22	5	142	22 de mayu de 1960. Tuvo llugar el Gran Terremotu de Chile. Ye’l terremotu de mayor magnitú que se rexistrare (9,5 en potencia de magnitú pel momentu). Provocó maremotos que llegaron a Ḥawai, Xapón y Rusia, y la erupción del volcán Puyehue.
23	5	143	23 de mayu de 1954. Nació’l biólogu Keith Campbell. Foi una persona clave del equipu que clonó la oveya Dolly nel Institutu Roslin d’Edimburgu.
24	5	144	24 de mayu de 1878. Nació la psicóloga ya inxeniera Lillian Moller Gilbreth. Ye conocida pol so trabayu na aplicación de la organización psicolóxica na industria.
25	5	145	25 de mayu de 1880. Nació’l neurólogu Jean Alexandre Barré. Identificó’l síndrome de Guillain-Barré, una enfermedá neurolóxica rara.
26	5	146	26 de mayu de 1872. Nació Trinidad Arroyo Villaverde. Foi la primer oftalmóloga española.
27	5	147	27 de mayu de 1931. Nació l’economista Philip Kotler. Ye consideráu’l padre del marketing modernu.
28	5	148	28 de mayu de 1912. Nació l’astrónoma Ruby Violet Payne-Scott. Estudió la influencia del campu magnéticu de la Tierra y les erupciones solares.
29	5	149	29 de mayu de 1826. Nació’l xastre Ebenezer Butterick. Xunto cola so muyer, Ellen Augusta Pollard, inventaron y comercializaron los patrones de cordura modernos. Estos patrones teníen graduaciones con múltiples talles estándar.
30	5	150	30 de mayu de 2021. Día Mundial de la Esclerosis Múltiple. Celébrase cada añu pa compartir hestories, concenciar a la sociedá y facer campañes con y pa tolos afeutaos por esta enfermedá.
31	5	151	31 de mayu de 1903. El físicu Konstantin Tsiolkovsky propunxo per primer vegada que les persones podríen viaxar al espaciu usando cohetes.
1	6	152	1 de xunu de 1974. La revista Emergency Medicine publicó la maniobra de Heimlich. Esta operación destorga les víes aérees torgaes por un oxetu estrañu.
2	6	153	2 de xunu de 1911. Los principales diarios fixéronse ecu de la electrificación del ferrocarril Gergal-Santa Fe de Mondújar. Foi la primer llinia de tren de vía ancha lletrificada d’España.
3	6	154	3 de xunu de 1976. El cosmógrafu Vicente Tofiño de San Miguel reparó nel pasu de Venus pel Sol nun clis. Espublizó unes anotaciones de gran interés científicu.
4	6	155	4 de xunu de 1927. Tuvo llugar el primer vuelu comercial de pasaxeros tresatlánticu. El viaxe fíxose a bordu d’un Wright-Bellanca WB-2, dende Los Estaos Xuníos hasta Alemaña.
5	6	156	5 de xunu de 2002. Presentóse oficialmente l’AMIT (Asociación de Muyeres Investigadores y Teunólogues). Esta asociación promueve l’accesu igualitariu de les muyeres a les xeres investigadores en toles rames de la conocencia y nel sector teunolóxicu.
6	6	157	6 de xunu de 1907. Llanzóse Persil al mercáu. Foi’l primer deterxente de ropa d’aición automática.
7	6	158	7 de xunu de 1886. Nació l’inxenieru Henri Coandă. Foi pioneru de l’aviación y contruyó’l primer avión aicionáu por un motor a reaición.
8	6	159	8 de xunu de 2021. Día mundial de los Océanos. El so oxetivu ye recordanos el papel que tienen los océanos na vida diariaa. Ellos son los pulmones del nuesu planeta y producen la mayor parte del osíxenu qu’alendamos.
9	6	160	9 de xunu de 1812. Nació l’astrónomu Johann Gottfried Galle. Afayó Neptunu siguiendo los cálculos ya indicaciones d’Urbain Le Verrier.
10	6	161	10 de xunu de 1948. Fíxose la primer demostración de la televisión n’España. Foi na Feria Internacional d’Amueses de Barcelona.
11	6	162	11 de xunu de 1910. Nació l’oceanógrafu y esplorador Jacques-Yves Cousteau. Ye ún de los divulgadores del mundu submarín de más sonadía. Grabó numberoses películes y documentales a bordu del so buque Calypso. Tamién foi una de les primeres persones en defender l’ambiente marín frente a la contaminación.
12	6	163	12 de xunu de 1985. Nació l’inxenieru de software Blake Ross. Ye conocíu por trabayar na creación de los navegadores Mozilla.
13	6	164	13 de xunu de 1868. Nació’l físicu Wallace Clement Sabine. Foi’l fundador de l’acústica arquiteutónica y el consultor acústicu del Boston’s Symphony Hall. Esta sala de conciertos considérase una de les meyores del mundu pola mor de la so acústica perbona.
14	6	165	14 de xunu de 1880. Nació’l neurocientíficu Nicolás Achúcarro. Foi ún de los díscipulos de Ramón y Cajal y especializóse nel estudiu de les célules gliales.
15	6	166	15 de xunu de 1962. Descubrióse que la talidomida causaba deformaciones nel desendolcu fetal. Esti sedante utilizábase pa calmar les voltures nos primeros meses d’embarazu.
16	6	167	16 de xunu de 1963. La cosmonauta Valentina Tereshkova foi la primer muyer en viaxar al espaciu.
17	6	168	17 de xunu de 2017. L’astronauta Sunita Williams convirtióse na muyer que más tiempu siguíu tuviera nel espaciu (na Estación Espacial Internacional), al completar 188 díes y 4 hores fuera de la Tierra.
18	6	169	18 de xunu de 1466. Nació l’imprentador Ottaviano Petrucci. Inventó’l sistema d’imprentación de música per mediu de tipos móviles. Con esti sistema, en 1501 imprentó la coleición de cantares Harmonice Musices Odhecaton. Esta foi la primer edición de música impresa de la historia.
19	6	170	19 de xunu de 1903. Nació la bioquímica Robeca Gerschman. Postuló la teoría Gerschman sobre la toxicidá del osíxenu per aciu de radicales llibres y revolucionó l’ambiente científicu de la dómina.
20	6	171	20 de xunu de 2019. La investigadora Margarita Salas recibió’l «Premiu al Inventor Européu 2019». Ente les sos mayores contribuciones destaca la patente de la DNA polimerasa viral, la más granible del CSIC.
21	6	172	21 de xunu de 1997. Instauróse’l Día Internacional de la Esclerosis Llateral Amiotrófica (ELA). Ta aguiyáu por asociaciones de pacientes de tol mundu y tien como oxetivu informar y sensibilizar acerca d’esta enfermedá entá ensin cura.
22	6	173	22 de xunu de 1939. Nació la cristalógrafa Ada Yonath. Ganó’l Premiu Nobel de Qúmica polos sos trabayos pioneros sobre la estructura de los ribosomes.
23	6	174	23 de xunu de 1912. Nació’l matemáticu, lóxicu y criptoanalista Alan Turing. Foi pioneru de la informática moderna.
24	6	175	24 de xunu de 1400. Nació Johannes Gutenberg. Inventó la imprenta con tipos móviles moderna.
25	6	176	25 de xunu de 1866. Nació Eloísa Díaz, la primer médica d’América del Sur. Como direutora del Serviciu Médicu Escolar de Chile, Eloísa llogró la vacunación de gran parte del alumnáu y lluchó contra’l raquitismu y la tuberculosis.
26	6	177	26 de xunu de 1974. El supermercáu Marsh, en Ohio (Estaos Xuníos), fixo la primer llectura d’un códigu de barres nel mundu. Foi un paquete de chicles.
27	6	178	27 de xunu de 1915. Nació la física Traude Bernert. Xunto cola química Berta Karlik, identificaron los isótopos 215, 216 y 218 del ástatu. Tamién descubrieron qu’esti elementu produzse na descomposición del radiu, del toriu y del actiniu.
28	6	179	28 de xunu de 2013. Inventóse, nel MIT, un dispositivu de visión de rayos X de mano que deteuta’l movimientu al traviés de les paredes.
29	6	180	29 de xunu de 1954. Stanley Cohen, Rita Levi-Montalcini y Viktor Hamburger publicaron el descubrimientu del primer factor de crecedera nerviosa. Los dos primeros recibieron el Premiu Nobel de Fisioloxía o Medicina en 1986.
30	6	181	30 de xunu de 1905. Albert Einstein publicó «Sobre la electrodinámica de los cuerpos en movimientu». Sería l’entamu de la teoría de la relatividá especial.
1	7	182	1 de xunetu de 1935. Nació la bióloga y oceanógrafa Josefina Castellví. Foi la primer española en participar nuna espedición internacional en L’Antártida. Collaboró na instalación de la primer base antártica española.
2	7	183	2 de xunetu de 1982. Richard Walters Lawrence ató 45 globos d’heliu a una siella de xardín y esta llevantóse a más de 4.500 m. Frustráu porque nun pudo ser ser pilotu de les Fuerces Aérees de los EE. XX., decidió volar pola so cuenta d’esta forma tan especial.
3	7	184	3 de xunetu de 1865. Nació la profesora Mary A. Kingsbury. Tuvo al cargu de la biblioteca del Institutu Erasmus Hall y convirtióse na primer bibliotecaria escolar de la historia.
4	7	185	4 de xunetu de 2019. Presentóse PRISMA nel Muséu Nacional de Ciencies Naturales de Madrid. PRISMA ye l’Asociación pa la Diversidá Afeutivo-sexual y de Xéneru en Ciencia, Teunoloxía ya Anovación. El so oxetivu ye aumentar la visibilidá del coleutivu LGTBIQA+ nel mundu científicu.
5	7	186	5 de xunetu de 1904. Nació’l biólogu Ernst Walter Mayr. Foi cabezaleru nel desendolcu del neodarwinismu, qu’amiesta la teoría de la evolución y la conocencia nel campu de la xenética.
6	7	187	6 de xunetu de 1885. Louis Pasteur alministró la vacuna de la rabia a Josef Meister, un neñu de 9 años al que mordiera un perru rabiosu. Foi una actuación de riesgu porque Pasteur nun tenía la titulación de médicu y la vacuna nun taba entá aprobada. Sicasí, gracies a ello, salvó la vida de Josef.
7	7	188	7 de xunetu de 1924. Nació la neurocientífica y psicóloga Natalia Petrovna Bekhtereva. Entamó un métodu complexu pa estudiar los mecanismos cerebrales del pensamientu, la memoria, les emociones y la creatividá.
8	7	189	8 de xunetu de 1926. Nació la psiquiatra Elizabeth Kubler-Ross. Ye reconocida como la principal autoridá en psicoloxía de la muerte.
9	7	190	9 de xunetu de 2015. Un equipu d’investigación del IXME, la Universidá Complutense y la de Barcelona atopó una mosca d’hai 105 millones d’años nun estáu de caltenimientu perfeutu. La mosca caltuviérase n’ámbare na cueva d’El Soplao (Cantabria) y entá llevaba una carga de polen nel abdome.
10	7	191	10 de xunetu de 2020. El CSIC desendolcó nanosondes con aplicaciones nel diagnósticu y tratamientu d’enfermedaes. Les nanosondes pueden utilizase pa deteutar los primeros estadios d’una enfermedá, pa dirixir fármacos de forma focalizada y como tresportadores d’ADN o virus.
11	7	192	11 de xunetu de 1901. Nació la neurofisióloga Angélique Arvanitaki. Xunto con Nick Chalazonitis investigó l’actividá llétrica de les neurones utilizando les fibres nervioses del cascoxu común.
12	7	193	12 de xunetu de 1764. Tuvo llugar el primer avistamientu d’una nebulosa. Descubrióla l’astrónomu Charres Messier y púnxo-y el númberu 27 del so catálogu (M27). Tamién se conoz como nebulosa Dumbbell.
13	7	194	13 de xunetu de 1923. Reconocióse per primer vegada la esistencia de güevos de dinosauriu fosilizaos. El descubrimientu tuvo llugar nel desiertu de Gobi. Primeramente creíase que pertenecíen a Protoceratops, pero en 1995 determinóse que pertenecen a Oviraptor.
14	7	195	14 de xunetu de 1862. Nació la esperta en cristalografía, mineraloxía y petrografía Florence Bascom. Foi la primer xeóloga d’EE.XX.
15	7	196	15 de xunetu de 1799. Na campaña de Napoleón n’Exiptu, afayóse la piedra de Rosetta. Esta piedra ta inscrita en griegu, xeroglíficu y demóticu, y ye la clave que dexa descifrar los xeroglíficos exipcios.
16	7	197	16 de xunetu de 2020. La misión Solar Orbiter, de l’Axencia Espacial Europea (ESA) y la NASA, con participación del CSIC, llogró’l primer mapa magnéticu del Sol. El campu magnéticu solar ye responsable de los fenómenos que reparamos nel Sol, como les manches, les nubes o l’aire solar.
17	7	198	17 de xunetu de 1819. Nació la climatóloga ya inventora Eunice Newton Foote. Foi una pionera na investigación del efeutu ivernaderu. Antemanóse trés años a los esperimentos de John Tyndall, al que se consideraba’l descubridor del efeutu del CO2 na atmósfera.
18	7	199	18 de xunetu de 1881. Nació la pedagoga y humanista María de Maeztu. Foi direutora d’importantes instituciones pedagóxiques na enseñanza de muyeres (la Residencia Internacional de Señorites, l’Institutu-Escuela y el Lyceum Club Femenín). Trabayó pa que les sos alumnes tuvieren una formación inteleutual que fomentare la responsabilidá civil y la participación igualitaria ya integral na sociedá.
19	7	200	19 de xunetu de 1945. Nació la xenetista Nancy Wexler. Collaboró nel descubrimientu del allugamientu del xen que causa la enfermedá de Huntington.
20	7	201	20 de xunetu de 1969. El módulu llunar d’Apolo 11, llamáu Eagle, posó con ésitu na Lluna.
21	7	202	21 de xunetu de 2013. Desendolcóse una piel electrónico sensible y flexible qu’imita la piel humano real. Esta piel pue deteutar y responder a niveles de presión estremaos.
22	7	203	22 de xunetu de 1871. Asitióse la primer piedra de la ponte ferroviaria Tay (Escocia). Foi la ponte más llarga del mundu na so dómina.
23	7	204	23 de xunetu de 2020. Un estudiu con participación del CSIC reveló un amenorgamientu del 50% del ruíu sísmico xeneráu pola actividá humana. Esti amenorgamientu prodúxose de resultes de les midíes de confinamientu pola pandemia del coronavirus.
24	7	205	24 de xunetu de 2009. Inauguróse’l Gran Telescopiu Canarias, nel Observatoriu del Roque de los Muchachos. Convirtióse nel telescopiu ópticu más grande del mundu.
25	7	206	25 de xunetu de 1938. Nació la psicóloga Davida Teller. El so trabayu contribuyó a la comprensión del desendolcu visual infantil.
26	7	207	26 de xunetu de 2005. Celebróse’l primer Día Internacional pa la defensa del ecosistema manglar.
27	7	208	27 de xunetu de 1995. La profesora Sheila Rowan presentó la so tesis doctoral sobre les ondes gravitacionales.
28	7	209	28 de xunetu de 1635. Nació’l científicu inglés Robert Hooke. Foi la primer persona en describir la vida microscópica nel so llibru Micrographia. Esti llibru contién per primer vegada la palabra célula.
29	7	210	29 de xunetu de 1796. Nació l’inventor Walter Hunt. Ye conocíu por crear l’imperdible.
30	7	211	30 de xunetu de 1889. Nació l’inxenieru Vladimir Zworykin. Inventó’l tubu de rayos catódicos y, por ello, conózse-y como’l padre de la televisión.
31	7	212	31 de xunetu de 1923. Nació la química Stephanie Kwolek. Sintetizó per primer vegada’l Kevlar, un polímeru que s’usa na fabricación de neumáticos, veles náutiques o chalecos antibales pola so llixereza y resistencia estraordinaria.
1	8	213	1 d’agostu de 1920. Nació Henrietta Lacks. A los 31 años morrió por un cáncer de cérvix y foi donante involuntaria de les sos célules canceroses. Con elles desendolcóse una llinia de cultivu celular inmortal llamada HeLa, acrónimu del so nome, coles que se fixeron decenes de miles d’estudios científicos.
2	8	214	2 d’agostu de 1941. Nació’l biólogu Jules Hoffmann. Recibió’l Premiu Nobel polos sos estudios nel campu de la inmunoloxía. Estos trabayos revolucionaron la comprensión del sistema inmune per aciu del descubrimientu de principios fundamentales pa la so activación.
3	8	215	3 d’agostu de 1958. El submarín atómicu Nautilus pasó so la corteza xelada del océanu Árticu, dende l’océanu Pacíficu hasta l’Atlánticu.
4	8	216	4 d’agostu de 1932. Nació la informática Frances Elizabeth Allen. En 2006 convirtióse na primer muyer ganadora del Premiu Turing.
5	8	217	5 d’agostu de 2013. Una compañía xaponesa desenvolvió una tirita reutilizable pa tratar la hipertensión arterial crónica per aciu de la lliberación continua de bisoprolol.
6	8	218	6 d’agostu de 1991. El científicu de la computación Tim Berners-Lee punxo en llinia’l primer servidor web. Esti servidor asitióse na Organización Europea pa la Investigación Nuclear (CERN).
7	8	219	7 d’agostu de 1933. Nació la politóloga Elinor Ostrom. Foi la primer muyer en llograr el Premiu Nobel d’Economía, en 2009. Estudió cómo les persones interactúen par caltener al llargu plazu los niveles de producción de recursos comunes.
8	8	220	8 d’agostu de 1948. Nació la inxeniera y cosmonauta Svetlana Savítskaya. Foi la primer muyer en facer dos viaxes al espaciu esterior y en caminar per esti.
9	8	221	9 d’agostu de 1966. Nació l’investigador Glenn Postolski. Los sos trabayos nel campu de les Ciencies Sociales centráronse nes polítiques de medios masivos y el derechu a la comunicación.
10	8	222	10 d’agostu de 2017. Un equipu del IXME llogró la primer secuencia d’imáxenes acústiques de les plumes volcániques que s’emiten na erupción d’un volcán submarín. L’estudiu fíxose cerca de la islla d’El Hierro.
11	8	223	11 d’agostu de 1858. Nació’l Premiu Nobel Christiaan Eijkman. Ye conocíu por ser el descubridor de la importancia de les vitamines na dieta. Descubrió la vitamina B1.
12	8	224	12 d’agostu de 1898. Nació la xeóloga marina María Vasílievna Kliónova. Foi la primer muyer qu’investigó en L’Antártida.
13	8	225	13 d’agostu de 1797. Nació l’inxenieru y xeólogu Casiano de Prado. En 1862, participó nel descubrimientu de los primeros afayos paleolíticos de la península Ibérica, nel valle del Manzanares.
14	8	226	14 d’agostu de 1777. Nació Hans Christian Oersted. Foi’l físicu que descubrió l’electromagnetismu.
15	8	227	15 d’agostu de 1896. Nació la bioquímica Gerty Cori. Xunto col so home Carl, afayó’l mecanismu de la conversión catalítica del glucóxenu (el ciclu de Cori). Foi la primer muyer en ganar el Premiu Nobel en Fisioloxía y Medicina.
16	8	228	16 d’agostu de 1884. Nació’l pioneru de la ciencia ficción Hugo Gernsback. El so inxeniu ya imaxinación foron desbordantes y rexistró infinidá de patentes. Por casu: una ferramienta pa captar meyor el soníu na radio, un nuevu métodu de depilación ensin cera o una plataforma d’aterrizaxe pa máquines voladores.
17	8	229	17 d’agostu de 1737. Nació l’agrónomu, hixenista y nutricionista Antoine Parmentier. Gracies al so trabayu, anuláronse les lleis que prohibíen el cultivu de la pataca. Hasta entós, cuasi tolos países europeos consideraben que la pataca nun yera comestible.
18	8	230	18 d’agostu de 1824. Fundóse’l Real Conservatoriu d’Artes y Oficios, qu’almacena tola información teunolóxico y ye’l rexistru de la propiedá inteleutual.
19	8	231	19 d’agostu de 1790. Nació’l reloxeru Edward John Dent. Ye reconocíu pola creación de relós de gran precisión y cronómetros marinos. Ente los sos relós de más sonadía ta’l Big Ben de Londres.
20	8	232	20 d’agostu de 1994. El continente americanu quedó declaráu llibre de poliomielitis gracies a les campañes de vacunación.
21	8	233	21 d’agostu de 1961. Nació la neurobiólogaMara Dierssen. Ye una esperta mundial nel campu de la neurobioloxía y la farmacoloxía, y una de les investigadores más destacaes nel síndrome de Down.
22	8	234	22 d’agostu de 1945. Morrió la fisióloga Día Henrietta Hyde. Desendolcó un microelectrodu abondo potente como pa estimular texíos y lo suficientemente pequeñu como pa estrayer texíu d’una célula.
23	8	235	23 d’agostu de 1931. Nació’l microbiólogu Hamilton O. Smith. Recibió’l Premiu Nobel polos sos trabayos sobre enzimes de restricción, capaces a cortar los ácidos nucleicos en puntos concretos.
24	8	236	24 d’agostu de 1890. Nació la bacterióloga Pearl Louella Kendrick. Ye conocida por desendolcar la primer vacuna contra la tosferina. Fíxola en collaboración cola esperta en salú pública Grace Eldering y la química Loney Gordon.
25	8	237	25 d’agostu de 1900. Nació’l Premiu Nobel Hans Adolf Krebs. Dio nome al ciclu de Krebs, una ruta metabólica que fai posible’l llogru d’enerxía pa les célules aerobies.
26	8	238	26 d’agostu de 1860. Nació l’inxenieru y arqueólogu Lluis Siret y Cels. Afayó los primeros xacimientos de la cultura argárica nel sudeste español. La sociedá argárica foi una de les de mayor relevancia na Europa del III ya II mileniu a.y.c.
27	8	239	27 d’agostu de 1956. La central nuclear de Calder Hall convirtióse na primera del Reinu Xuníu en suministrar lletricidá a la población civil.
28	8	240	28 d’agostu de 2013. Cultiváronse cerebros humanos en miniatura, del tamañu d’un arbeyu, a partir de célules madre.
29	8	241	29 d’agostu de 2019. El mayor estudiu fechuu pa pescudar la importancia de los xenes na conducta sexual confirmó que nun hai un únicu xen de la homosexualidá y punxo de manifiestu la complexidá de la sexualidá humana.
30	8	242	30 d’agostu de 1984. La nave espacial Discovery despegó per primer vegada. Llegó a facer 39 misiones pa la NASA.
31	8	243	31 d’agostu de 1912. Nació l’investigador Robert F. Borkenstein. Investigó la influyencia del consumu d’alcohol nos accidentes de tránsitu. Inventó l’alcoholímetru, un preséu revolucionariu pa midir el nivel d’alcohol nel aire espirao.
1	9	244	1 de setiembre de 1914. Morrió Martha, el postrer palombu migratoriu (Ectopistes migratorius). Tenía 29 años y vivía en cautividá nel zoolóxicu de Cincinnati (EE. XX.). En namás un sieglu pasó de ser el páxaru más abondosu de Norteamérica a desaniciase.
2	9	245	2 de setiembre de 1948. Nació la profesora de Secundaria Christa Corrigan McAuliffe. Foi escoyida ente más de 11.000 solicitantes pa participar nel Proyectu Profesor nel Espaciu de la NASA. Christa entamaba facer esperimentos y deprender lleiciones dende l’espaciu. El tresbordador espacial nel que viaxaba españó a los 72 segundos del despegue.
3	9	246	3 de setiembre de 1938. Nació’l químicu Ryōji Noyori. Ganó’l Premiu Nobel poles sos investigaciones sobre la catálisis. Los sos métodos úsense, por exemplu, pa la producción de mentol.
4	9	247	4 de setiembre de 1998. Larry Page y Sergei Brin fundaron Google. El buscador empezó a desendolcase en 1996 como un proyeutu d’investigación, cuando ellos dos yeren estudiantes de doctoráu.
5	9	248	5 de setiembre de 1885. Instalóse la primer gasolinera. Foi nun garaxe d’Indiana (Estaos Xuníos).
6	9	249	6 de setiembre de 1860. Nació la socióloga y Premio Nobel de la Paz Jane Addams. Foi pionera nel oficiu de trabayu social y fundó la casa d’acoyida Hull House, que tamién sirvía como institución sociolóxica pa muyeres. Los sos trabayos tuvieron gran influyencia sobre la escuela de socioloxía de Chicago.
7	9	250	7 de setiembre de 2016. Investigadores del IXME, l’Institutu de Ciencies del Mar (CSIC) y la Universidá de Les Palmes de Gran Canaria descubrieron que la isla d’El Hierro perdió’l 40% del so volume nun enorme esbarrumbamientu de tierra. El megadeslizamientu tuvo llugar va 80.000 años.
8	9	251	8 de setiembre de 1871. Nació la inventora y pianista Mary Elizabeth Hallock-Greenewalt. Les sos patentes fixeron posible’l desendolcu de Sarabet, un muérganu de color. Esti preséu emitía lluces de colores con intensidaes y matices que taben sincronizaes cola música.
9	9	252	9 de setiembre de 1936. Nació la microbióloga molecular Daisy Roulland-Dussoix. Collaboró nel descubrimientu de les enzimes de restricción.
10	9	253	10 de setiembre de 1984. Púnxose a puntu la téunica de buelga xenética, que fai posible identificar les persones según el so ADN. Esta téunica escomenzó a utilizase en criminoloxía poco dempués.
11	9	254	11 de setiembre de 1942. Nació la economista ya historiadora económica Deirdre McCloskey. Les sos investigaciones inclúin l’estudiu de los oríxenes del mundu modernu, el mal usu de la significación estadística na economía y otres ciencies, y l’estudiu del capitalismu.
12	9	255	12 de setiembre de 1958. L’inxenieru llétricu Jack Kilby presentó’l primer circuitu integráu del mundu. Los circuitos integraos tamién se conocen como chips o microchips.
13	9	256	13 de setiembre de 1956. La empresa IBM presentó’l primer ordenador comercial qu’utilizaba almacenamientu en discu.
14	9	257	14 de setiembre de 1849. Nació’l fisiólogu y Premio Nobel Iván Pavlov. Describió en perros el modelu de estímulu-respuesta o condicionamientu de Pavlov.
15	9	258	15 de setiembre de 1885. Constantin Fahlberg patentó la sacarina. Esti endulzante sintetizóse per primer vegada a partir de derivaos del alquitrán d’hulla.
16	9	259	16 de setiembre de 1884. Fíxose la primer operación baxo anestesia local. Gracies al so éxitu, empecipió’l so usu xeneralizáu n’odontoloxía.
17	9	260	17 de setiembre de 1857. Nació’l físicu y matemáticu Konstantín Tsiolkovski. Yera sordu dende los 10 años y autodidauta dafechu. Los sos trabayos fixeron posible poner n’órbita’l primer satélite artificial y el primer viaxe d’una persona al espaciu.
18	9	261	18 de setiembre de 1819. Nació’l físicu Jean Foucault. Inventó’l xiroscopiu y el péndulu que demuestra la rotación de la Tierra.
19	9	262	19 de setiembre de 1991. Afayáronse los restos momificaos d’una persona paleolítica (Ötzi) nel glaciar Similaun de los Alpes, na frontera italo-austriaca.
20	9	263	20 de setiembre de 1906. Nació la matemática Vera Faddéyeva. Asoleyó dalgunos de los primeros trabayos sobre álxebra llinial.
21	9	264	21 de setiembre de 1866. Nació’l médicu y microbiólogu Charres Nicolle. Ganó’l Premiu Nobel al descubrir que los pioyos yeren los principales tresmisores del tifus.
22	9	265	22 de setiembre de 1863. Nació’l microbiólogu Alexandre Yersin. Foi codescubridor de la bacteria responsable de la peste bubónica, que se llama Yersinia pestis nel so honor.
23	9	266	23 de setiembre de 1889. Fundóse Nintendo. Nos sos entamos yera una fábrica de barayes de naipes xaponeses. En 1975 entamó a desendolcar videoxuegos y, güei, ye una de les mayores empreses del mundu de hardware y software d’entretenimientu.
24	9	267	24 de setiembre de 1905. Nació’l médicu y científicu español Severo Ochoa. Ganó’l Premiu Nobel polos sos estudios pioneros sobro la síntesis del ácidu ribonucleico (ARN).
25	9	268	25 de setiembre de 1899. Nació la neuróloga Margaret Kennard. Ye conocida polos sos estudios sobro los efeutos del dañu neurolóxicu nos primates.
26	9	269	26 de setiembre de 2013. El Curiosity Rover de la NASA deteutó una gran cantidá d’agua de bon accesu nel cráter Gale de Marte.
27	9	270	27 de setiembre de 1818. Nació l’inventor Cosme García. Foi’l primer español en patentar un prototipu de submarín. En construyéndose, esti sumerxible probóse con éxitu nel puertu d’Alicante en 1860.
28	9	271	28 de setiembre de 1889. La primer Conferencia Xeneral de Pesos y Midíes definió’l llargor d’un metru como la distancia ente dos llinies nuna barra fabricada con una aleación de platín con 10% d’iridiu, midida al puntu de fusión del xelu.
29	9	272	29 de setiembre de 1901. Nació’l físicu Enrico Fermi. En 1938, recibió’l Premiu Nobel de Física polos sos trabayos sobre radiactividá inducíoa. Cuatro años dempués, fixo la primer reaición nuclear d’orixe humanu.
30	9	273	30 de setiembre de 2009. L’Observatoriu Astronómicu de Mallorca anunció’l descubrimientu del cometa ‘2009QG31 La Sagra’, más allá de la órbita de Marte.
1	10	274	1 d’ochobre de 1883. Tuvo llugar el primer ensayu de comunicación per teléfonu n’España. La llinia taba ente’l Palaciu Real y los Ministerios en Madrid.
2	10	275	2 d’ochobre de 1846. Empecipió a funcionar la llinia de telegrafía óptico de Castiella, que diba dende Madril hasta Irún. Ideóla José María Mathé.
3	10	276	3 d’ochobre de 1946. La química y cristalógrafa Rosalind Franklin publicó’l so doctoráu sobre química del carbón. El trabayu foi clave pa entender la estructura molecular del ADN.
4	10	277	4 d’ochobre de 1949. Nació’l bioquímicu Mariano Barbacid. Aislló’l primera oncoxén humanu (H-ras). Los oncoxenes son los responsables de qu’una célula normal se tresforme nuna célula malina que va desendolcar un cáncanu.
5	10	278	5 d’ochobre de 1963. Nació’l microbiologu Francisco Juan Martínez Mojica. Descubrió les secuencies repitíes CRISPR n’arquees. La teunoloxía CRISPR-Cas d’edición xenética basóse en parte nesti descubrimientu.
6	10	279	6 d’ochobre de 1897. Nació la bioquímica Florence Barbara Seibert. Desendolcó un métodu pa purificar la proteína derivada de la tuberculina (PPD-S). Esto fixo posible la creación d’un test fiable pa la tuberculosis.
7	10	280	7 d’ochobre de 1948. Nació la naturalista y escritora Diane Ackerman. Les sos obres de divulgación científica axunten la poesía y un estilu cenciellu, lo que-y potenció un gran éxitu editorial.
8	10	281	8 d’ochobre de 1958. El ciruxanu suecu Ake Senning implantó’l primer marcapasos.
9	10	282	9 d’ochobre de 1902. La comunidá científica internacional reconoció l’autenticidá del arte paleolíticu de la cueva d’Altamira. Estes pintures atopóles la neña María Sanz de Sautuola cuando visitaba la cueva en compañía del so padre Marcelino.
10	10	283	10 d’ochobre de 1966. Nació la química Carolyn Bertozzi. Estudió’l papel de los glúcidos n’enfermedaes como’l cáncer, l’artritis o la tuberculosis.
11	10	284	11 d’ochobre de 1755. Nació’l químicu Fausto Delhuyar. Xunto col so hermanu Juan José, tamién químicu, foron los primeros n’aisllar el wolframiu (númberu atómicu 74 na Tabla Periódica). Esti metal ye bien escaso y bien acobiciao poles sos aplicaciones múltiples.
12	10	285	12 d’ochobre de 1920. Nació la microbióloga Leslie Barnett. Collaboró en dalgunos de les meyores y descubrimientos más importantes sobre la estructura y les funciones de los xenes.
13	10	286	13 d’ochobre de 1914. Garret Morgan patentó la mázcara de gas. Unos años dempués, esti inventor creó’l semáforu automáticu con lluz d’alvertencia.
14	10	287	14 d’ochobre de 1865. Nació la xenetista Edith Rebecca Saunders. Xugó un papel importante nel redescubrimientu de les lleis del heriedu mendelianu y la comprensión de la xenética de les plantes.
15	10	288	15 d’ochobre de 1902. Nació la médica Amparo Poch y Gascón. Especializóse en puericultura y fixo un gran llabor educativu ente les clases sociales más modestes pa evitar enfermedaes de tipu venereu.
16	10	289	16 d’ochobre de 1969. Doñana convirtióse en Parque Nacional. La so marisma ye llugar de camín, cría ya ivernada pa miles d’aves europees y africanes.
17	10	290	17 d’ochobre de 1919. Entamó a funcionar la primer llinia de metro d’España. Diba ente la Puerta del Sol y Cuatro Caminos, en Madril.
18	10	291	18 d’ochobre de 1799. Nació’l químicu Christian Schoenbein. Afayó la nitrocelulosa y punxo nome al ozonu.
19	10	292	19 d’ochobre de 1924. Nació la patóloga Rosemary Bamforth. Estableció’l venceyu ente la muerte por cáncer de trabayadores de barcos y la esposición al amiantu.
20	10	293	20 d’ochobre de 1850. Nació la naturalista Alice Blanche Balfour. Trabayó nel campu de la entomoloxía y foi pionera en xenética. Estudió cómo s’herieda’l patrón de rayes de les cebres.
21	10	294	21 d’ochobre de 1879. Thomas Edison presentó la bombilla llétrica.
22	10	295	22 d’ochobre de 1949. Nació’l médicu Rafael Matesanz. En 1989 fundó la Organización Nacional de Tresplantes (ONT), onde s’establecieron los protocolos responsables de qu’España seya cabezalera mundial en tresplantes.
23	10	296	23 d’ochobre de 1887. L’Armada Española escomenzó a construyir el submarín Peral. Esti sumerxible torpederu a propulsión llétrica foi’l primer submarín militar de la historia.
24	10	297	24 d’ochobre de 1924. Nació la bioquímica y especialista en cereales Evangelina Villegas. Col so colega Surinder K. Vasal, desendolcó la proteína de maíz d’alta calidá, polo que llograron el Premiu Mundial d’Alimentos.
25	10	298	25 d’ochobre de 1906. Santiago Ramón y Cajal recibió la notificación de que ganara’l premiu Nobel de Medicina. Al paecer, la so primer reaición foi comentar que se trataba de «una chancia de los estudiantes». Al otru día lleólu nos periódicos.
26	10	299	26 d’ochobre de 1878. Nació’l matemáticu Sixto Cámara Tecedor. Foi cofundador de l’Asociación Española pal Progresu de les Ciencies, la Sociedá Matemática Española y el Llaboratoriu y Seminariu Matemáticu de la Xunta pa l’Ampliación d’Estudios.
27	10	300	27 d’ochobre de 1904. Philip Downing inventó l’apartáu de correos, inda güei n’usu.
28	10	301	28 d’ochobre de 1848. Inaugúrase’l primer ferrocarril de la península ibérica. Coneitaba Barcelona con Mataró y la so construcción obligó a furar el primer túnel ferroviariu d’España.
29	10	302	29 d’ochobre de 1969. Dos ordenadores de distintes universidaes californianes consiguieron coneutase y unviar un mensaxe al traviés d’un nuevu protocolu, ARPANET. Esta rede ye la precursora d’internet.
30	10	303	30 d’ochobre de 1900. Nació’l científicu Ragnar Granit. Ganó’l Premiu Nobel polos sos descubrimientos de los procesos fisiolóxicos y químicos nel güeyu.
31	10	304	
1	11	305	1 de payares de 1952. Aisllóse per primer vegada l’elementu químicu con númberu atómicu 100. El so nome (fermiu) ye un homenaxe al físicu Enrico Fermi.
2	11	306	2 de payares de 1919. Nació Marie Morisawa, una de les fundadores de la xeomorfoloxía ambiental. La xeomorfoloxía axunta xeografía y xeoloxía pa estudiar les formes de la superficie terrestre y entender la so formación y comportamientu güei.
3	11	307	3 de payares de 1957. Laika viaxó al espaciu a bordu del Sputnik 2. Convirtióse asina nel primer animal en facer un vuelu espacial.
4	11	308	4 de payares de 2008. Un equipu d’investigación del IXME dió a conocer el xacimientu d’ámbare cretácico d’El Soplao. Tien una dimensión y bayuraa esceicionales y el so ámbare azul-púrpura amuesa una lluminiscencia ensin comparanza nel mundu.
5	11	309	5 de payares de 1794. La química Elizabeth Fulhame publicó «Un ensayu sobre la combustión». Foi’l primer exemplu de catálisis que se describió.
6	11	310	6 de payares de 1935. L’inxenieru Edwin Armstrong presentó l’estudiu tituláu «Un métodu d’amenorgamientu de molesties na radio per aciu d’un sistema de modulación por frecuencia». Creóse asina la radio FM (frecuencia modulada).
7	11	311	7 de payares de 1867. Nació la química y física Marie Curie. Acuñó’l términu radioactividá y foi la primer persona en recibir dos premios Nobel n’especialidaes estreames (Física y Química).
8	11	312	8 de payares de 1878. Nació la paleontóloga y zoóloga Dorothea Bate. Foi pionera en zooarqueoloxía y, xunto a Dorothy Garrod, atoparon los restos fósiles de numberoses especies que nun foren descrites.
9	11	313	9 de payares de 1795. Nació’l ciruxanu James Barry. Foi médicu de l’Armada británica y trabayó p’ameyorar les condiciones de los soldaos mancaos. Fixo la primer cesárea exitosa de la que se tien constancia n’África.
10	11	314	10 de payares de 1983. L’estudiante de doctoráu Fred Cohen creó un programa informáticu que ye pa instalase a sigo mesmu, retrucar y espardese a otres máquines. Nació asina’l primer virus informáticu.
11	11	315	11 de payares de 1930. Nació la física Mildred Dresselhaus. Ye conocida como la reina de la ciencia del carbón polos sos notables trabayos sobre’l grafitu.
12	11	316	12 de payares de 1919. Nació la bióloga molecular Grete Kellenberger-Gujer. El so prestixu deriva de los sos descubrimientos sobre la recombinación xenética y la restricción del ADN.
13	11	317	13 de payares de 2013. La NASA publicó un videu que presenta a Marte como podría ser va 4.000 millones d’años, con cielos azules y agua.
14	11	318	14 de payares de 1863. Nació’l químicu Lleo Baekeland. Inventó la baquelita, el primer plásticu sintético. El so baxu costu y versatilidá fíxolo mui popular.
15	11	319	15 de payares de 1873. Nació la médica Sara Josephine Baker. Fixo importantes contribuciones pa menguar la tasa de mortalidá infantil.
16	11	320	16 de payares de 1940. Nació la física María Josefa Yzuel Giménez. La so investigación centróse nel campu de la óptica y recibió numberoses distinciones a nivel nacional ya internacional.
17	11	321	17 de payares de 2015. Un total de 195 estaos ratificaron la creación de los Xeoparques Mundiales de la UNESCO. Son llugares con un patrimoniu xeolóxicu de relevancia internacional que s’empleguen pa promover el desendolcu sostenible de les comunidaes qu’habiten nellos.
18	11	322	18 de payares de 2010. A.S.O.R. llanzó la primer edición del Calendariu Científicu Escolar (en Rumanía).
19	11	323	19 de payares de 2006. La compañía xaponesa de videoxuegos Nintendo sacó al mercáu la consola Wii.
20	11	324	20 de payares de 1985. El ciruxanu Leonard Lee Bailey fixó’l primer tresplante de corazón exitosu nun neñín.
21	11	325	21 de payares de 2013. L’observatoriu IceCube del Polu Sur deteutó neutrinos d’alta enerxía d’orixe estraterrestre. La so procedencia asítiase fuera del nuesu sistema solar.
22	11	326	22 de payares de 2013. Un equipu d’investigación de la Universidá de Bönn afayó un xen d’orixe neandertal en persones actuales. Trátase d’un xen de la inmunidá que fai posible reconocer intrusos peligrosos y defendese énte ellos pente medies d’una respuesta inmune.
23	11	327	23 de payares de 2002. Morrió’l bioquímicu Ángel Martín Municio, el primer miembru español de la Organización Europea de Bioloxía Molecular. Foi presidente de la Real Academia de Ciencies Esautes, Físiques y Naturales mientres 17 años.
24	11	328	24 de payares de 2021. Día de la evolución. Conmemórase l’espublizamientu en 1859 del llibru L’orixe de les especies, de Charres Darwin.
25	11	329	25 de payares de 1884. Patentóse un métodu pa producir lleche evaporao pa poder caltener la lleche más tiempu. Esi día, patentóse una máquina pa esterilizar les lates nes que se caltenía esta lleche.
26	11	330	26 de payares de 1857. Nació’l llingüista Ferdinand de Saussure. Ye reconocíu como’l pioneru de la llingüística científica.
27	11	331	27 de payares de 1895. Alfred Nobel robló’l so testamentu. Nél establecía la creación d’un fondu que s’emplegaría pa otorgar cinco premios añales: los Premios Nobel.
28	11	332	28 de payares de 1920. Nació la química Sagrariu Ramírez Gallardo. Inventó y patentó la gasolina sólido.
29	11	333	29 de payares de 1926. Nació l’astrónoma Dilhan Eryurt. El so trabayu apurrió información crucial a la NASA pa modelar l’impautu solar na redolada llunar. Foi premiada pola so contribución nel allunizaxe del Apolo 11.
30	11	334	30 de payares de 1720. Nació la matemática y escritor María Andresa Casamayor y de la Coma. Foi autora del «Tirocinio Arithmetico», obra pa enseñar matemátiques dende y pa la vida diaria. Asoleyó esti llibru col alcuñu masculín Casandro Mamés de La Marca y Araioa, usando les lletres del so nome en distintu orde.
1	12	335	1 d’avientu de 1913. Nació la psicóloga Mary Ainsworth. Xunto con John Bowlby, desendolcaron la teoría del apegu.
2	12	336	2 d’avientu de 1942. Enrico Fermi punxo en funcionamientu la Chicago Pile-1, el primer reactor nuclear artificial del mundu. El reactor taba formáu por una pila d’uraniu y bloques de grafitu.
3	12	337	3 d’avientu de 1842. Nació la química y ecóloga Ellen Swallow Richards. Foi una de les fundadores de la hixene ambiental, fase previa a la ecoloxía moderna.
4	12	338	4 d’avientu de 1844. Nació Augusto Arcimís. Foi’l primer meteorólogu profesional español y el primer direutor del Institutu Central Meteorolóxicu (agora Axencia Estatal de Meteoroloxía).
5	12	339	5 d’avientu de 1854. Aaron H. Allen patentó la butaca con asientu abatible. Güei, esta triba de butaca úsase en cuasi tolos teatros y auditorios del mundu.
6	12	340	6 d’avientu de 1888. Nació la zoóloga Libbie Henrietta Hyman. La so obra en seis volúmenes «Los invertebrados» sigue siendo güei un trabayu de referencia.
7	12	341	7 d’avientu de 1949. La maestra Ángela Ruiz Carbayos patentó la Enciclopedia Mecánica. Esti inventu considérase’l precursor del llibru electrónicu. Incluyía una fuerte perspectiva d’atención a la diversidá, cola posibilidá de montar audios y lentes pal alumnáu con problemes d’accesu.
8	12	342	8 d’avientu de 2013. Na Universidá de Lyon amosóse un nuevu métodu pa estrayer hidróxenu de les peñes y l’agua. Esta téunica podría convertise nuna nueva fonte d’enerxía verde.
9	12	343	9 d’avientu de 1979. Desanicióse per primer vegada una enfermedá. Foi la viruela y llogróse gracies a la vacunación.
10	12	344	10 d’avientu de 1823. La paleontóloga Mary Anning afayó la primer cadarma completa d’un plesiosauriu. Esti gran reptil marín vivió a principios del Xurásicu.
11	12	345	11 d’avientu de 1863. Nació l’astrónoma Annie Jump Cannon. Afayó 300 estrelles variables y el so trabayu de catalogación foi fundamental pa l’actual clasificación estelar.
12	12	346	12 d’avientu de 1901. Guglielmo Marconi realizó la primer comunicación radiofónica tresatlántica entre Cornualles (Reinu Xuníu) y Terranova (Canadá).
13	12	347	13 d’avientu de 1816. Nació l’inventor Werner von Siemens. Ta consideráu ún de los padres de la inxeniería llétrica y el so apellíu quedó auníu pa siempre a la empresa que fundó: Siemens.
14	12	348	14 d’avientu de 1911. La espedición noruega empobinada por Roald Amundsen llegó al Polu Sur. Por si l’equipu nun consiguía tornar, dexaron ellí una tienda con una carta nel so interior pa demostrar el so llogru.
15	12	349	15 d’avientu de 2010. Arrincó la Espedición de Circunnavegación Malaspina. Los buques Hespérides y Sarmiento de Gamboa (CSIC) dieron la vuelta al mundu pa facer investigación científica, formar investigadores mozos y fomentar les ciencies marines. El so nome ye un homenaxe a la espedición que dirixó Alejandro Malaspina nel sieglu XVIII.
16	12	350	16 d’avientu de 1954. Tracy Hall llogró los primeros diamantes sintéticos nos llaboratorios de General Electrics.
17	12	351	17 d’avientu de 2014. Un estudiu del IXME y les Universidaes de Barcelona y Harvard amosó la esistencia de «gambes de tierra» n’Álava. Estos crustáceos vivieron va 105 millones d’años y quedaron calteníos n’ámbare.
18	12	352	18 d’avientu de 2019. Describióse una nueva especie de parásitu en marsupiales. El so nome ye Theileria lupei en reconocencia a l’albeitre Guadalupe Miró, pola so contribución al campu de la parasitoloxía.
19	12	353	19 d’avientu de 2016. La revista Nature nomó a Alexandra Elbakyan una de les diez persones más destacaes del añu en ciencia. Alexandra ye la fundadora de Sci-Hub, una páxina web con accesu gratuitu a millones d’artículos científicos.
20	12	354	20 d’avientu de 1852. Nació’l bacteriólogu Kitasato Shibasaburō. Foi codescubridor de la bacteria que causa la peste bubónica y desendolcó tratamientos pal tétanos, la difteria y l’ántrax. Tamién dio nome a un preséu de llaboratoriu: el matraz kitasato.
21	12	355	21 d’avientu de 1773. Nació’l botánicu Robert Brown. Afayó que les minúscules partícules suspendíes nos llíquidos tán en movimientu. Esto conozse como movimientu brownianu.
22	12	356	22 d’avientu de 1882. Edward Hibberd Johnson convirtióse na primer persona nel mundu qu’ornió’l so árbol navidiegu con lluces llétriques. Nesa dómina, yera lo normal utilizar veles, lo que provocaba numberoses quemes.
23	12	357	23 d’avientu de 1947. Los físicos Walter Brattain y John Bardeen desendolcaron el primer transistor. Esti dispositivu ye la base del funcionamientu de la mayoría de los aparatos electrónicos.
24	12	358	24 d’avientu de 1913. Nació la química Miriam Michael Stimson. Desendolcó la téunica de discu de bromuru de potasiu. Esti métodu de preparación de les amueses ameyora’l so análisis per espectroscopía infrarroxa.
25	12	359	25 d’avientu de 1901. Nació Richard Shope, l’especialista en patoloxía animal qu’aislló per primer vegada un influenzavirus. Estos virus causen el gripe n’aves y mamíferos (incluyendo los humanos).
26	12	360	26 d’avientu de 1780. Nació la matemática y astrónoma Mary Fairfax Greig Somerville. Propunxo la esistencia d’un planeta qu’alteriaba la órbita d’Uranu. Demostróse darréu qu’esi planeta yera Neptunu.
27	12	361	27 d’avientu de 1822. Nació’l químicu y microbiólogu Louis Pasteur. Demostró que la formentadura yera causada por microorganismos ya inventó la pasteurización. Esti métodu fai posible controlar los microbios en llíquidos, como la lleche.
28	12	362	28 d’avientu de 1956. Nació la física Teresa Rodrigo Anoro. Xugó un papel importante nel descubrimientu del bosón de Higgs nel añu 2012. Foi direutora del Institutu de Física de Cantabria y formó parte del Comité de Política Científica del CERN.
29	12	363	29 d’avientu de 1800. Nació l’inventor Charles Goodyear. Descubrió'l procesu de vulcanización del cauchu, colo que se faen los neumáticos.
30	12	364	30 d’avientu de 1930. Nació la química y farmacéutica Youyou Tu. Recibió’l Premiu Nobel por descubrir una nueva terapia contra la malaria.
31	12	365	31 d’avientu de 2019. La Oficina de la OMS en China recibió un avisu de dellos casos de neumonía de causa desconocida na ciudá de Wuhan. Darréu, determinóse que’l causante de la enfermedá yera’l coronavirus SARS-CoV-2.
			
			
			
			
			
			
			
			
			
			
			Avientu.